dates,SKU,price_per_sku,num_purchases
2018-04-22,11050,101.575,10
2018-04-23,11050,101.344,9
2018-04-25,11050,101.344,9
2018-04-26,11050,101.344,9
2018-04-27,11050,101.344,10
2018-04-28,11050,101.344,9
2018-04-30,11050,101.904,10
2018-05-01,11050,101.904,10
2018-05-02,11050,101.904,9
2018-05-03,11050,101.904,10
2018-05-04,11050,101.904,10
2018-05-06,11050,101.904,11
2018-05-08,11050,102.016,9
2018-05-09,11050,102.016,10
2018-05-10,11050,102.016,9
2018-05-11,11050,102.016,10
2018-05-12,11050,102.016,9
2018-05-13,11050,102.016,9
2018-05-14,11050,101.862,11
2018-05-15,11050,101.862,11
2018-05-16,11050,101.862,9
2018-05-19,11050,101.862,9
2018-05-21,11050,102.1,10
2018-05-22,11050,102.1,9
2018-05-23,11050,102.1,9
2018-05-24,11050,102.1,9
2018-05-25,11050,102.1,10
2018-05-26,11050,102.1,9
2018-05-28,11050,102.058,9
2018-05-31,11050,102.058,9
2018-06-02,11050,102.058,9
2018-06-03,11050,102.058,11
2018-06-05,11050,101.694,9
2018-06-06,11050,101.694,9
2018-06-07,11050,101.694,10
2018-06-09,11050,101.694,11
2018-06-10,11050,101.694,9
2018-06-12,11050,102.576,11
2018-06-15,11050,102.576,9
2018-06-16,11050,102.576,9
2018-06-17,11050,102.576,10
2018-06-18,11050,102.016,10
2018-06-19,11050,102.016,9
2018-06-20,11050,102.016,9
2018-06-22,11050,102.016,10
2018-06-23,11050,102.016,9
2018-06-25,11050,102.275,10
2018-06-26,11050,102.275,9
2018-06-28,11050,102.275,10
2018-06-29,11050,102.275,9
2018-06-30,11050,102.275,11
2018-07-01,11050,102.275,11
2018-07-03,11050,102.366,10
2018-07-04,11050,102.366,9
2018-07-05,11050,102.366,9
2018-07-06,11050,102.366,9
2018-07-07,11050,102.366,10
2018-07-08,11050,102.366,10
2018-07-09,11050,102.646,10
2018-07-10,11050,102.646,10
2018-07-12,11050,102.646,10
2018-07-13,11050,102.646,9
2018-07-14,11050,102.646,9
2018-07-15,11050,102.646,10
2018-07-17,11050,102.94,10
2018-07-18,11050,102.94,9
2018-07-20,11050,102.94,9
2018-07-22,11050,102.94,9
2018-07-23,11050,102.842,9
2018-07-24,11050,102.842,9
2018-07-25,11050,102.842,10
2018-07-26,11050,102.842,9
2018-07-27,11050,102.842,11
2018-07-29,11050,102.842,9
2018-07-30,11050,103.36,11
2018-08-01,11050,103.36,10
2018-08-03,11050,103.36,9
2018-08-04,11050,103.36,9
2018-08-05,11050,103.36,11
2018-08-06,11050,102.604,10
2018-08-07,11050,102.604,11
2018-08-09,11050,102.604,10
2018-08-11,11050,102.604,9
2018-08-12,11050,102.604,10
2018-08-13,11050,103.36,9
2018-08-14,11050,103.36,9
2018-08-15,11050,103.36,9
2018-08-16,11050,103.36,10
2018-08-17,11050,103.36,9
2018-08-18,11050,103.36,10
2018-08-19,11050,103.36,9
2018-08-21,11050,103.927,11
2018-08-22,11050,103.927,11
2018-08-23,11050,103.927,9
2018-08-24,11050,103.927,9
2018-08-25,11050,103.927,9
2018-08-26,11050,103.927,10
2018-08-28,11050,103.332,11
2018-08-29,11050,103.332,9
2018-08-30,11050,103.332,9
2018-08-31,11050,103.332,10
2018-09-01,11050,103.332,9
2018-09-02,11050,103.332,9
2018-09-03,11050,103.185,9
2018-09-05,11050,103.185,9
2018-09-06,11050,103.185,10
2018-09-07,11050,103.185,10
2018-09-09,11050,103.185,9
2018-09-10,11050,103.528,9
2018-09-11,11050,103.528,10
2018-09-13,11050,103.528,9
2018-09-15,11050,103.528,10
2018-09-16,11050,103.528,10
2018-09-17,11050,103.885,11
2018-09-18,11050,103.885,9
2018-09-20,11050,103.885,10
2018-09-22,11050,103.885,10
2018-09-23,11050,103.885,9
2018-09-25,11050,103.192,9
2018-09-27,11050,103.192,10
2018-09-29,11050,103.192,9
2018-09-30,11050,103.192,10
2018-10-01,11050,103.822,9
2018-10-03,11050,103.822,9
2018-10-04,11050,103.822,9
2018-10-06,11050,103.822,11
2018-10-07,11050,103.822,9
2018-10-09,11050,104.2,11
2018-10-10,11050,104.2,9
2018-10-11,11050,104.2,9
2018-10-12,11050,104.2,10
2018-10-13,11050,104.2,9
2018-10-14,11050,104.2,10
2018-10-15,11050,104.592,9
2018-10-16,11050,104.592,9
2018-10-17,11050,104.592,9
2018-10-18,11050,104.592,9
2018-10-19,11050,104.592,9
2018-10-20,11050,104.592,9
2018-10-21,11050,104.592,9
2018-10-22,11050,104.704,9
2018-10-24,11050,104.704,9
2018-10-25,11050,104.704,9
2018-10-26,11050,104.704,10
2018-10-28,11050,104.704,9
2018-10-30,11050,104.214,10
2018-10-31,11050,104.214,10
2018-11-01,11050,104.214,11
2018-11-04,11050,104.214,10
2018-11-06,11050,104.928,9
2018-11-08,11050,104.928,11
2018-11-09,11050,104.928,10
2018-11-10,11050,104.928,9
2018-11-11,11050,104.928,9
2018-11-12,11050,105.04,10
2018-11-13,11050,105.04,10
2018-11-16,11050,105.04,10
2018-11-17,11050,105.04,11
2018-11-20,11050,105.152,10
2018-11-21,11050,105.152,10
2018-11-23,11050,105.152,9
2018-11-28,11050,105.264,11
2018-11-29,11050,105.264,10
2018-12-01,11050,105.264,9
2018-12-02,11050,105.264,10
2018-12-03,11050,104.368,9
2018-12-04,11050,104.368,9
2018-12-07,11050,104.368,11
2018-12-08,11050,104.368,11
2018-12-10,11050,104.459,9
2018-12-12,11050,104.459,10
2018-12-13,11050,104.459,10
2018-12-14,11050,104.459,11
2018-12-15,11050,104.459,11
2018-12-16,11050,104.459,10
2018-12-17,11050,105.25,10
2018-12-21,11050,105.25,9
2018-12-22,11050,105.25,10
2018-12-23,11050,105.25,11
2018-12-24,11050,106.426,9
2018-12-25,11050,106.426,9
2018-12-27,11050,106.426,9
2018-12-29,11050,106.426,9
2018-12-30,11050,106.426,9
2018-12-31,11050,100.0,11
2019-01-02,11050,105.475,9
2019-01-03,11050,105.475,9
2019-01-04,11050,105.475,8
2019-01-05,11050,105.475,7
2019-01-06,11050,105.475,8
2019-01-07,11050,105.565,8
2019-01-09,11050,105.565,8
2019-01-11,11050,105.565,8
2019-01-12,11050,105.565,9
2019-01-13,11050,105.565,9
2019-01-15,11050,104.536,7
2019-01-19,11050,104.536,7
2019-01-20,11050,104.536,7
2019-01-23,11050,106.16,7
2019-01-25,11050,106.16,8
2019-01-26,11050,106.16,8
2019-01-27,11050,106.16,7
2019-01-28,11050,105.488,7
2019-01-29,11050,105.488,7
2019-01-30,11050,105.488,9
2019-01-31,11050,105.488,7
2019-02-01,11050,105.488,8
2019-02-02,11050,105.488,8
2019-02-03,11050,105.488,8
2019-02-05,11050,105.985,7
2019-02-07,11050,105.985,8
2019-02-08,11050,105.985,8
2019-02-09,11050,105.985,7
2019-02-10,11050,105.985,8
2019-02-12,11050,107.308,7
2019-02-13,11050,107.308,8
2019-02-14,11050,107.308,8
2019-02-17,11050,107.308,9
2019-02-18,11050,104.956,8
2019-02-20,11050,104.956,7
2019-02-21,11050,104.956,7
2019-02-22,11050,104.956,7
2019-02-23,11050,104.956,9
2019-02-24,11050,104.956,9
2019-02-25,11050,105.46,7
2019-02-26,11050,105.46,7
2019-02-27,11050,105.46,7
2019-03-01,11050,105.46,8
2019-03-02,11050,105.46,7
2019-03-04,11050,105.978,8
2019-03-05,11050,105.978,9
2019-03-06,11050,105.978,9
2019-03-07,11050,105.978,9
2019-03-08,11050,105.978,7
2019-03-10,11050,105.978,7
2019-03-11,11050,106.076,7
2019-03-13,11050,106.076,7
2019-03-15,11050,106.076,7
2019-03-16,11050,106.076,7
2019-03-20,11050,106.615,10
2019-03-22,11050,106.615,9
2019-03-24,11050,106.615,9
2019-03-25,11050,106.272,7
2019-03-26,11050,106.272,8
2019-03-28,11050,106.272,7
2019-04-01,11050,105.46,7
2019-04-02,11050,105.46,8
2019-04-04,11050,105.46,7
2019-04-05,11050,105.46,8
2019-04-06,11050,105.46,7
2019-04-07,11050,105.46,7
2019-04-09,11050,106.006,7
2019-04-11,11050,106.006,8
2019-04-15,11050,106.566,8
2019-04-17,11050,106.566,8
2019-04-19,11050,106.566,8
2019-04-20,11050,106.566,7
2019-04-22,11050,105.712,7
2019-04-23,11050,105.712,9
2019-04-25,11050,105.712,7
2019-04-26,11050,105.712,8
2019-04-27,11050,105.712,9
2019-04-28,11050,105.712,7
2019-04-29,11050,107.728,7
2019-04-30,11050,107.728,7
2019-05-01,11050,107.728,9
2019-05-02,11050,107.728,9
2019-05-03,11050,107.728,7
2019-05-04,11050,107.728,8
2019-05-05,11050,107.728,7
2019-05-06,11050,106.86,7
2019-05-08,11050,106.86,7
2019-05-09,11050,106.86,7
2019-05-12,11050,106.86,7
2019-05-13,11050,106.958,7
2019-05-15,11050,106.958,8
2019-05-16,11050,106.958,7
2019-05-18,11050,106.958,8
2019-05-19,11050,106.958,7
2019-05-21,11050,108.568,7
2019-05-22,11050,108.568,7
2019-05-23,11050,108.568,7
2019-05-24,11050,108.568,7
2019-05-28,11050,106.643,8
2019-06-01,11050,106.643,8
2019-06-02,11050,106.643,8
2019-06-03,11050,106.734,9
2019-06-04,11050,106.734,7
2019-06-05,11050,106.734,7
2019-06-06,11050,106.734,7
2019-06-07,11050,106.734,7
2019-06-08,11050,106.734,7
2019-06-09,11050,106.734,7
2019-06-10,11050,108.925,9
2019-06-13,11050,108.925,7
2019-06-14,11050,108.925,8
2019-06-15,11050,108.925,7
2019-06-16,11050,108.925,9
2019-06-17,11050,108.512,7
2019-06-18,11050,108.512,7
2019-06-19,11050,108.512,9
2019-06-20,11050,108.512,8
2019-06-21,11050,108.512,8
2019-06-22,11050,108.512,7
2019-06-23,11050,108.512,7
2019-06-24,11050,105.929,7
2019-06-25,11050,105.929,9
2019-06-26,11050,105.929,8
2019-06-27,11050,105.929,7
2019-06-28,11050,105.929,7
2019-06-29,11050,105.929,9
2019-07-01,11050,107.098,10
2019-07-02,11050,107.098,8
2019-07-04,11050,107.098,8
2019-07-05,11050,107.098,10
2019-07-06,11050,107.098,8
2019-07-07,11050,107.098,8
2019-07-08,11050,108.848,8
2019-07-09,11050,108.848,9
2019-07-10,11050,108.848,8
2019-07-11,11050,108.848,7
2019-07-13,11050,108.848,8
2019-07-15,11050,107.28,8
2019-07-18,11050,107.28,7
2019-07-19,11050,107.28,7
2019-07-20,11050,107.28,7
2019-07-22,11050,108.505,8
2019-07-23,11050,108.505,9
2019-07-24,11050,108.505,9
2019-07-25,11050,108.505,8
2019-07-26,11050,108.505,7
2019-07-27,11050,108.505,8
2019-07-28,11050,108.505,7
2019-07-29,11050,108.036,10
2019-07-30,11050,108.036,10
2019-07-31,11050,108.036,9
2019-08-02,11050,108.036,9
2019-08-05,11050,108.715,8
2019-08-06,11050,108.715,7
2019-08-09,11050,108.715,7
2019-08-14,11050,109.408,7
2019-08-15,11050,109.408,7
2019-08-16,11050,109.408,8
2019-08-17,11050,109.408,7
2019-08-18,11050,109.408,7
2019-08-20,11050,109.52,8
2019-08-21,11050,109.52,7
2019-08-22,11050,109.52,7
2019-08-23,11050,109.52,8
2019-08-25,11050,109.52,7
2019-08-26,11050,107.826,7
2019-08-28,11050,107.826,7
2019-08-29,11050,107.826,9
2019-08-30,11050,107.826,7
2019-08-31,11050,107.826,7
2019-09-01,11050,107.826,8
2019-09-02,11050,110.962,9
2019-09-03,11050,110.962,9
2019-09-04,11050,110.962,8
2019-09-05,11050,110.962,7
2019-09-06,11050,110.962,7
2019-09-07,11050,110.962,7
2019-09-08,11050,110.962,8
2019-09-11,11050,108.008,9
2019-09-12,11050,108.008,7
2019-09-13,11050,108.008,7
2019-09-14,11050,108.008,8
2019-09-15,11050,108.008,8
2019-09-18,11050,109.345,9
2019-09-19,11050,109.345,10
2019-09-22,11050,109.345,9
2019-09-23,11050,110.71,7
2019-09-24,11050,110.71,7
2019-09-26,11050,110.71,7
2019-09-27,11050,110.71,9
2019-09-29,11050,110.71,8
2019-09-30,11050,109.555,7
2019-10-02,11050,109.555,9
2019-10-04,11050,109.555,7
2019-10-05,11050,109.555,7
2019-10-06,11050,109.555,8
2019-10-07,11050,110.304,9
2019-10-08,11050,110.304,9
2019-10-09,11050,110.304,7
2019-10-12,11050,110.304,7
2019-10-13,11050,110.304,8
2019-10-15,11050,107.812,10
2019-10-16,11050,107.812,8
2019-10-17,11050,107.812,10
2019-10-18,11050,107.812,9
2019-10-19,11050,107.812,8
2019-10-20,11050,107.812,8
2019-10-23,11050,109.212,7
2019-10-26,11050,109.212,9
2019-10-27,11050,109.212,7
2019-10-29,11050,109.31,8
2019-10-30,11050,109.31,9
2019-10-31,11050,109.31,8
2019-11-01,11050,109.31,7
2019-11-02,11050,109.31,8
2019-11-03,11050,109.31,9
2019-11-04,11050,108.736,8
2019-11-05,11050,108.736,7
2019-11-06,11050,108.736,8
2019-11-08,11050,108.736,7
2019-11-09,11050,108.736,7
2019-11-11,11050,109.506,10
2019-11-12,11050,109.506,8
2019-11-14,11050,109.506,8
2019-11-15,11050,109.506,9
2019-11-19,11050,112.348,8
2019-11-20,11050,112.348,7
2019-11-21,11050,112.348,7
2019-11-22,11050,112.348,8
2019-11-23,11050,112.348,8
2019-11-24,11050,112.348,7
2019-11-25,11050,112.474,8
2019-11-26,11050,112.474,10
2019-11-28,11050,112.474,8
2019-11-30,11050,112.474,8
2019-12-02,11050,111.2,7
2019-12-03,11050,111.2,7
2019-12-05,11050,111.2,7
2019-12-06,11050,111.2,9
2019-12-07,11050,111.2,8
2019-12-08,11050,111.2,7
2019-12-09,11050,112.019,8
2019-12-10,11050,112.019,7
2019-12-11,11050,112.019,7
2019-12-13,11050,112.019,7
2019-12-15,11050,112.019,7
2019-12-16,11050,110.71,8
2019-12-17,11050,110.71,8
2019-12-18,11050,110.71,8
2019-08-19,19632,155.33,6
2019-08-20,19632,155.33,7
2019-08-21,19632,155.33,6
2019-08-22,19632,155.33,7
2019-08-23,19632,155.33,6
2019-08-26,19632,154.826,6
2019-08-27,19632,154.826,8
2019-08-28,19632,154.826,6
2019-08-30,19632,154.826,7
2019-09-01,19632,154.826,6
2019-09-02,19632,156.744,6
2019-09-05,19632,156.744,6
2019-09-06,19632,156.744,6
2019-09-08,19632,156.744,8
2019-09-09,19632,156.856,7
2019-09-11,19632,156.856,6
2019-09-13,19632,156.856,7
2019-09-14,19632,156.856,6
2019-09-15,19632,156.856,7
2019-09-16,19632,158.83700000000005,6
2019-09-17,19632,158.83700000000005,6
2019-09-18,19632,158.83700000000005,6
2019-09-19,19632,158.83700000000005,6
2019-09-20,19632,158.83700000000005,7
2019-09-21,19632,158.83700000000005,8
2019-09-22,19632,158.83700000000005,6
2019-09-24,19632,157.71,9
2019-09-25,19632,157.71,9
2019-09-26,19632,157.71,7
2019-09-27,19632,157.71,7
2019-09-29,19632,157.71,7
2019-09-30,19632,157.192,6
2019-10-01,19632,157.192,6
2019-10-02,19632,157.192,6
2019-10-03,19632,157.192,7
2019-10-06,19632,157.192,6
2019-10-09,19632,156.016,8
2019-10-12,19632,156.016,9
2019-10-13,19632,156.016,10
2019-10-14,19632,157.416,6
2019-10-15,19632,157.416,6
2019-10-16,19632,157.416,6
2019-10-18,19632,157.416,8
2019-10-21,19632,155.554,8
2019-10-22,19632,155.554,8
2019-10-24,19632,155.554,6
2019-10-25,19632,155.554,7
2019-10-26,19632,155.554,6
2019-10-28,19632,156.31,7
2019-10-29,19632,156.31,6
2019-10-30,19632,156.31,7
2019-10-31,19632,156.31,6
2019-11-02,19632,156.31,6
2019-11-03,19632,156.31,6
2019-11-04,19632,155.064,7
2019-11-05,19632,155.064,6
2019-11-06,19632,155.064,7
2019-11-07,19632,155.064,8
2019-11-08,19632,155.064,6
2019-11-11,19632,155.827,8
2019-11-13,19632,155.827,7
2019-11-14,19632,155.827,8
2019-11-16,19632,155.827,7
2019-11-19,19632,156.60399999999996,8
2019-11-20,19632,156.60399999999996,7
2019-11-21,19632,156.60399999999996,6
2019-11-23,19632,156.60399999999996,7
2019-11-24,19632,156.60399999999996,6
2019-11-25,19632,158.088,7
2019-11-26,19632,158.088,6
2019-11-27,19632,158.088,8
2019-11-28,19632,158.088,6
2019-11-30,19632,158.088,6
2019-12-06,19632,156.1,10
2019-12-07,19632,156.1,8
2019-12-08,19632,156.1,8
2019-12-09,19632,156.191,6
2019-12-11,19632,156.191,6
2019-12-12,19632,156.191,6
2019-12-13,19632,156.191,6
2019-12-14,19632,156.191,6
2019-12-15,19632,156.191,7
2019-12-17,19632,159.852,6
2019-12-21,19632,159.852,8
2019-12-23,19632,155.65200000000004,6
2019-03-08,24125,108.124,6
2019-03-09,24125,108.124,6
2019-03-10,24125,108.124,6
2019-03-13,24125,109.944,6
2019-03-16,24125,109.944,7
2019-03-18,24125,109.615,9
2019-03-19,24125,109.615,8
2019-03-21,24125,109.615,10
2019-03-24,24125,109.615,9
2019-03-25,24125,108.376,8
2019-03-28,24125,108.376,6
2019-03-30,24125,108.376,6
2019-03-31,24125,108.376,6
2019-04-01,24125,108.46,6
2019-04-04,24125,108.46,6
2019-04-05,24125,108.46,6
2019-04-06,24125,108.46,7
2019-04-07,24125,108.46,8
2019-04-08,24125,109.468,8
2019-04-09,24125,109.468,8
2019-04-12,24125,109.468,6
2019-04-13,24125,109.468,8
2019-04-14,24125,109.468,6
2019-04-15,24125,109.097,7
2019-04-16,24125,109.097,7
2019-04-17,24125,109.097,7
2019-04-18,24125,109.097,6
2019-04-19,24125,109.097,6
2019-04-20,24125,109.097,7
2019-04-21,24125,109.097,6
2019-04-25,24125,112.044,6
2019-04-26,24125,112.044,8
2019-04-27,24125,112.044,7
2019-04-28,24125,112.044,6
2019-04-29,24125,109.762,8
2019-04-30,24125,109.762,6
2019-05-03,24125,109.762,6
2019-05-04,24125,109.762,6
2019-05-05,24125,109.762,6
2019-05-06,24125,109.37,7
2019-05-08,24125,109.37,7
2019-05-11,24125,109.37,6
2019-05-12,24125,109.37,6
2019-05-13,24125,110.455,7
2019-05-14,24125,110.455,8
2019-02-03,49661,159.27200000000005,9
2019-02-06,49661,158.586,10
2019-02-07,49661,158.586,10
2019-02-08,49661,158.586,12
2019-02-09,49661,158.586,10
2019-02-10,49661,158.586,12
2019-02-11,49661,159.09,8
2019-02-13,49661,159.09,9
2019-02-15,49661,159.09,8
2019-02-16,49661,159.09,10
2019-02-17,49661,159.09,10
2019-02-18,49661,160.434,9
2019-02-19,49661,160.434,8
2019-02-21,49661,160.434,8
2019-02-22,49661,160.434,8
2019-02-24,49661,160.434,8
2019-02-27,49661,158.46,8
2019-02-28,49661,158.46,8
2019-03-01,49661,158.46,8
2019-03-03,49661,158.46,8
2019-03-04,49661,159.832,8
2019-03-05,49661,159.832,8
2019-03-06,49661,159.832,10
2019-03-07,49661,159.832,10
2019-03-08,49661,159.832,9
2019-03-09,49661,159.832,10
2019-03-10,49661,159.832,9
2019-03-11,49661,158.208,8
2019-03-12,49661,158.208,8
2019-03-13,49661,158.208,8
2019-03-15,49661,158.208,9
2019-03-17,49661,158.208,9
2019-03-20,49661,160.497,9
2019-03-21,49661,160.497,8
2019-03-22,49661,160.497,8
2019-03-23,49661,160.497,8
2019-03-24,49661,160.497,10
2019-03-25,49661,158.82399999999996,8
2019-03-26,49661,158.82399999999996,8
2019-03-27,49661,158.82399999999996,9
2019-03-28,49661,158.82399999999996,8
2019-03-30,49661,158.82399999999996,8
2019-04-01,49661,158.46,8
2019-04-02,49661,158.46,9
2019-04-03,49661,158.46,9
2019-04-04,49661,158.46,8
2019-04-06,49661,158.46,9
2019-04-08,49661,158.54399999999995,8
2019-04-09,49661,158.54399999999995,9
2019-04-10,49661,158.54399999999995,9
2019-04-12,49661,158.54399999999995,8
2019-04-13,49661,158.54399999999995,10
2019-04-14,49661,158.54399999999995,8
2019-04-15,49661,158.628,8
2019-04-16,49661,158.628,10
2019-04-17,49661,158.628,8
2019-04-18,49661,158.628,8
2019-04-19,49661,158.628,8
2019-04-20,49661,158.628,8
2019-04-22,49661,159.188,10
2019-04-25,49661,159.188,9
2019-04-26,49661,159.188,8
2019-04-29,49661,158.796,8
2019-04-30,49661,158.796,8
2019-05-02,49661,158.796,9
2019-05-03,49661,158.796,9
2019-05-04,49661,158.796,9
2019-05-05,49661,158.796,10
2019-05-06,49661,160.84,8
2019-05-08,49661,160.84,9
2019-05-09,49661,160.84,8
2019-05-10,49661,160.84,8
2019-05-11,49661,160.84,9
2019-05-12,49661,160.84,8
2019-05-13,49661,160.455,8
2019-05-15,49661,160.455,8
2019-05-16,49661,160.455,10
2019-05-18,49661,160.455,9
2019-05-19,49661,160.455,9
2019-05-24,49661,159.048,10
2019-05-26,49661,159.048,8
2019-05-27,49661,159.132,8
2019-05-29,49661,159.132,9
2019-05-31,49661,159.132,10
2019-06-01,49661,159.132,8
2019-06-02,49661,159.132,8
2019-06-03,49661,160.77,9
2019-06-04,49661,160.77,8
2019-06-05,49661,160.77,8
2019-06-06,49661,160.77,8
2019-06-07,49661,160.77,10
2019-06-13,49661,159.825,11
2019-06-15,49661,159.825,9
2019-06-16,49661,159.825,10
2019-06-17,49661,160.44799999999995,9
2019-06-18,49661,160.44799999999995,9
2019-06-19,49661,160.44799999999995,10
2019-06-20,49661,160.44799999999995,8
2019-06-21,49661,160.44799999999995,10
2019-06-24,49661,159.468,8
2019-06-25,49661,159.468,9
2019-06-26,49661,159.468,8
2019-06-27,49661,159.468,8
2019-06-28,49661,159.468,10
2019-06-30,49661,159.468,8
2019-07-01,49661,161.19,9
2019-07-02,49661,161.19,8
2019-07-03,49661,161.19,9
2019-07-04,49661,161.19,10
2019-07-05,49661,161.19,8
2019-07-06,49661,161.19,9
2019-07-08,49661,161.295,9
2019-07-09,49661,161.295,10
2019-07-10,49661,161.295,9
2019-07-11,49661,161.295,9
2019-07-12,49661,161.295,9
2019-07-16,49661,161.96,12
2019-07-19,49661,161.96,12
2019-07-20,49661,161.96,12
2019-07-22,49661,161.505,8
2019-07-23,49661,161.505,8
2019-07-25,49661,161.505,9
2019-07-26,49661,161.505,8
2019-07-29,49661,160.46200000000005,8
2019-07-30,49661,160.46200000000005,8
2019-07-31,49661,160.46200000000005,8
2019-08-01,49661,160.46200000000005,10
2019-08-02,49661,160.46200000000005,8
2019-08-03,49661,160.46200000000005,9
2019-08-04,49661,160.46200000000005,9
2019-08-05,49661,159.391,8
2019-08-06,49661,159.391,8
2019-08-07,49661,159.391,8
2019-08-09,49661,159.391,8
2019-08-11,49661,159.391,8
2019-08-13,49661,162.996,10
2019-08-16,49661,162.996,8
2019-08-17,49661,162.996,10
2019-08-18,49661,162.996,9
2019-08-19,49661,160.735,8
2019-08-20,49661,160.735,10
2019-08-21,49661,160.735,8
2019-08-22,49661,160.735,9
2019-08-24,49661,160.735,10
2019-08-25,49661,160.735,10
2019-08-27,49661,162.03,8
2019-08-28,49661,162.03,10
2019-08-29,49661,162.03,8
2019-08-30,49661,162.03,10
2019-08-31,49661,162.03,8
2019-09-01,49661,162.03,9
2019-09-02,49661,162.135,9
2019-09-03,49661,162.135,11
2019-09-04,49661,162.135,9
2019-09-05,49661,162.135,10
2019-09-06,49661,162.135,10
2019-09-08,49661,162.135,10
2019-09-09,49661,162.24,9
2019-09-10,49661,162.24,8
2019-09-11,49661,162.24,8
2019-09-13,49661,162.24,9
2019-09-16,49661,160.476,9
2019-09-17,49661,160.476,10
2019-09-20,49661,160.476,8
2019-09-21,49661,160.476,8
2019-09-22,49661,160.476,8
2019-09-25,49661,162.45,10
2019-09-27,49661,162.45,11
2019-09-28,49661,162.45,9
2019-09-29,49661,162.45,9
2019-09-30,49661,161.918,9
2019-10-01,49661,161.918,8
2019-10-04,49661,161.918,8
2019-10-06,49661,161.918,8
2019-10-09,49661,163.304,8
2019-10-10,49661,163.304,10
2019-10-11,49661,163.304,9
2019-10-12,49661,163.304,10
2019-10-13,49661,163.304,8
2019-10-17,49661,162.114,8
2019-10-18,49661,162.114,9
2019-10-19,49661,162.114,10
2019-10-20,49661,162.114,8
2019-10-22,49661,162.21200000000005,8
2019-10-24,49661,162.21200000000005,9
2019-10-25,49661,162.21200000000005,8
2019-10-26,49661,162.21200000000005,8
2019-10-27,49661,162.21200000000005,9
2019-10-29,49661,159.65,8
2019-10-30,49661,159.65,9
2019-10-31,49661,159.65,9
2019-11-01,49661,159.65,8
2019-11-02,49661,159.65,10
2019-11-03,49661,159.65,8
2019-11-07,49661,161.736,8
2019-11-08,49661,161.736,9
2019-11-10,49661,161.736,9
2019-11-12,49661,164.543,8
2019-11-15,49661,164.543,8
2019-11-16,49661,164.543,8
2019-11-17,49661,164.543,10
2019-11-21,49661,163.976,8
2019-11-22,49661,163.976,10
2019-11-23,49661,163.976,8
2019-11-24,49661,163.976,10
2019-11-25,49661,161.316,10
2019-11-26,49661,161.316,8
2019-11-29,49661,161.316,9
2019-11-30,49661,161.316,8
2019-12-03,49661,163.5,8
2019-12-04,49661,163.5,8
2019-12-05,49661,163.5,8
2019-12-07,49661,163.5,9
2019-12-08,49661,163.5,8
2019-12-10,49661,163.605,10
2019-12-12,49661,163.605,9
2019-12-13,49661,163.605,9
2019-12-14,49661,163.605,9
2019-12-24,49661,165.97799999999995,8
2018-11-17,54404,80.095,11
2018-11-18,54404,80.095,12
2018-11-19,54404,81.796,10
2018-11-20,54404,81.796,11
2018-11-21,54404,81.796,10
2018-11-23,54404,81.796,11
2018-11-26,54404,80.277,10
2018-11-27,54404,80.277,10
2018-12-01,54404,80.277,11
2018-12-04,54404,81.376,12
2018-12-05,54404,81.376,11
2018-12-07,54404,81.376,11
2018-12-08,54404,81.376,10
2018-12-09,54404,81.376,10
2018-12-10,54404,80.459,11
2018-12-13,54404,80.459,12
2018-12-14,54404,80.459,10
2018-12-18,54404,81.6,10
2018-12-19,54404,81.6,10
2018-12-21,54404,81.6,11
2018-12-24,54404,80.998,10
2018-12-25,54404,80.998,12
2018-12-28,54404,80.998,11
2018-12-29,54404,80.998,10
2018-12-31,54404,76.0,11
2019-01-01,54404,82.205,9
2019-01-03,54404,82.205,8
2019-01-04,54404,82.205,10
2019-01-05,54404,82.205,9
2019-01-06,54404,82.205,9
2019-01-09,54404,81.936,8
2019-01-10,54404,81.936,8
2019-01-11,54404,81.936,10
2019-01-12,54404,81.936,8
2019-01-13,54404,81.936,8
2019-01-14,54404,81.292,8
2019-01-15,54404,81.292,8
2019-01-16,54404,81.292,9
2019-01-17,54404,81.292,10
2019-01-18,54404,81.292,8
2019-01-19,54404,81.292,10
2019-01-21,54404,82.545,9
2019-01-22,54404,82.545,9
2019-01-24,54404,82.545,10
2019-01-28,54404,81.88,10
2019-01-29,54404,81.88,9
2019-01-30,54404,81.88,9
2019-01-31,54404,81.88,10
2019-02-01,54404,81.88,10
2019-02-02,54404,81.88,9
2019-02-03,54404,81.88,9
2019-02-04,54404,81.985,10
2019-02-05,54404,81.985,10
2019-02-08,54404,81.985,11
2019-02-09,54404,81.985,11
2019-02-10,54404,81.985,9
2019-02-12,54404,80.872,9
2019-02-13,54404,80.872,10
2019-02-15,54404,80.872,10
2019-02-18,54404,81.782,10
2019-02-19,54404,81.782,9
2019-02-20,54404,81.782,9
2019-02-23,54404,81.782,10
2019-02-26,54404,82.72,8
2019-03-01,54404,82.72,9
2019-03-02,54404,82.72,8
2019-03-03,54404,82.72,8
2019-03-04,54404,81.124,12
2019-03-05,54404,81.124,14
2019-03-06,54404,81.124,12
2019-03-12,54404,82.944,9
2019-03-14,54404,82.944,9
2019-03-17,54404,82.944,9
2019-03-19,54404,82.17399999999998,8
2019-03-20,54404,82.17399999999998,9
2019-03-21,54404,82.17399999999998,9
2019-03-22,54404,82.17399999999998,9
2019-03-25,54404,83.16799999999998,9
2019-03-27,54404,83.16799999999998,8
2019-03-29,54404,83.16799999999998,8
2019-04-01,54404,82.37,9
2019-04-02,54404,82.37,8
2019-04-03,54404,82.37,8
2019-04-04,54404,82.37,9
2019-04-05,54404,82.37,9
2019-04-07,54404,82.37,9
2019-04-08,54404,83.854,9
2019-04-09,54404,83.854,9
2019-04-10,54404,83.854,9
2019-04-11,54404,83.854,8
2019-04-12,54404,83.854,9
2019-04-13,54404,83.854,8
2019-04-15,54404,83.50399999999998,12
2019-04-17,54404,83.50399999999998,14
2019-04-19,54404,83.50399999999998,12
2019-04-20,54404,83.50399999999998,12
2019-04-21,54404,83.50399999999998,12
2019-04-23,54404,83.616,8
2019-04-24,54404,83.616,8
2019-04-25,54404,83.616,10
2019-04-26,54404,83.616,9
2019-04-27,54404,83.616,8
2019-04-28,54404,83.616,8
2019-04-29,54404,83.245,8
2019-04-30,54404,83.245,8
2019-05-01,54404,83.245,8
2019-05-02,54404,83.245,8
2019-05-03,54404,83.245,8
2019-05-04,54404,83.245,8
2019-05-05,54404,83.245,8
2019-05-06,54404,82.86,8
2019-05-07,54404,82.86,8
2019-05-08,54404,82.86,10
2019-05-09,54404,82.86,8
2019-05-10,54404,82.86,8
2019-05-11,54404,82.86,8
2019-05-12,54404,82.86,10
2019-05-15,54404,82.958,8
2019-05-16,54404,82.958,8
2019-05-18,54404,82.958,9
2019-05-19,54404,82.958,9
2019-05-20,54404,82.552,9
2019-05-21,54404,82.552,9
2019-05-22,54404,82.552,9
2019-05-27,54404,84.176,10
2019-05-30,54404,84.176,9
2019-05-31,54404,84.176,9
2019-06-01,54404,84.176,9
2019-06-02,54404,84.176,9
2019-06-06,54404,84.288,10
2019-06-08,54404,84.288,10
2019-06-09,54404,84.288,10
2019-06-10,54404,85.45,9
2019-06-12,54404,85.45,9
2019-06-16,54404,85.45,9
2019-06-18,54404,85.044,9
2019-06-19,54404,85.044,10
2019-06-20,54404,85.044,11
2019-06-23,54404,85.044,11
2019-06-24,54404,84.624,12
2019-06-25,54404,84.624,12
2019-06-26,54404,84.624,12
2019-06-27,54404,84.624,12
2019-06-28,54404,84.624,12
2019-07-02,54404,84.736,8
2019-07-04,54404,84.736,10
2019-07-05,54404,84.736,8
2019-07-06,54404,84.736,8
2019-07-08,54404,83.742,9
2019-07-10,54404,83.742,9
2019-07-11,54404,83.742,9
2019-07-16,54404,84.4,9
2019-07-17,54404,84.4,9
2019-07-19,54404,84.4,8
2019-07-20,54404,84.4,8
2019-07-21,54404,84.4,10
2019-07-22,54404,85.072,8
2019-07-23,54404,85.072,8
2019-07-24,54404,85.072,8
2019-07-25,54404,85.072,8
2019-07-26,54404,85.072,8
2019-07-29,54404,84.61,8
2019-07-30,54404,84.61,8
2019-08-01,54404,84.61,9
2019-08-02,54404,84.61,8
2019-08-03,54404,84.61,10
2019-08-04,54404,84.61,8
2019-08-05,54404,85.29599999999998,8
2019-08-08,54404,85.29599999999998,8
2019-08-10,54404,85.29599999999998,8
2019-08-11,54404,85.29599999999998,9
2019-08-12,54404,83.64399999999998,8
2019-08-13,54404,83.64399999999998,9
2019-08-14,54404,83.64399999999998,8
2019-08-18,54404,83.64399999999998,8
2019-08-19,54404,86.115,8
2019-08-20,54404,86.115,8
2019-08-22,54404,86.115,8
2019-08-23,54404,86.115,8
2019-08-24,54404,86.115,8
2019-08-25,54404,86.115,9
2019-08-26,54404,85.632,8
2019-08-28,54404,85.632,9
2019-08-29,54404,85.632,8
2019-08-30,54404,85.632,10
2019-08-31,54404,85.632,8
2019-09-01,54404,85.632,9
2019-09-02,54404,82.09,9
2019-09-03,54404,82.09,8
2019-09-07,54404,82.09,9
2019-09-08,54404,82.09,9
2019-09-09,54404,82.77600000000002,8
2019-09-10,54404,82.77600000000002,8
2019-09-11,54404,82.77600000000002,8
2019-09-12,54404,82.77600000000002,9
2019-09-13,54404,82.77600000000002,9
2019-09-14,54404,82.77600000000002,8
2019-09-15,54404,82.77600000000002,9
2019-09-16,54404,83.476,9
2019-09-18,54404,83.476,10
2019-09-21,54404,83.476,9
2019-09-23,54404,85.45,10
2019-09-24,54404,85.45,10
2019-09-26,54404,85.45,11
2019-09-27,54404,85.45,11
2019-09-29,54404,85.45,12
2019-09-30,54404,83.64399999999998,8
2019-10-01,54404,83.64399999999998,8
2019-10-02,54404,83.64399999999998,9
2019-10-03,54404,83.64399999999998,8
2019-10-04,54404,83.64399999999998,9
2019-10-05,54404,83.64399999999998,8
2019-10-06,54404,83.64399999999998,8
2019-10-08,54404,84.37200000000001,9
2019-10-10,54404,84.37200000000001,8
2019-10-12,54404,84.37200000000001,8
2019-10-13,54404,84.37200000000001,8
2019-10-14,54404,86.416,10
2019-10-16,54404,86.416,9
2019-10-17,54404,86.416,9
2019-10-19,54404,86.416,8
2019-10-20,54404,86.416,8
2019-10-21,54404,84.554,10
2019-10-22,54404,84.554,8
2019-10-23,54404,84.554,9
2019-10-25,54404,84.554,9
2019-10-27,54404,84.554,8
2019-10-28,54404,83.98,8
2019-10-29,54404,83.98,9
2019-10-30,54404,83.98,8
2019-11-01,54404,83.98,8
2019-11-05,54404,86.75200000000002,9
2019-11-06,54404,86.75200000000002,9
2019-11-07,54404,86.75200000000002,9
2019-11-08,54404,86.75200000000002,8
2019-11-10,54404,86.75200000000002,9
2019-11-12,54404,85.506,8
2019-11-14,54404,85.506,8
2019-11-15,54404,85.506,10
2019-11-17,54404,85.506,8
2019-11-18,54404,84.91799999999998,9
2019-11-19,54404,84.91799999999998,10
2019-11-20,54404,84.91799999999998,8
2019-11-21,54404,84.91799999999998,9
2019-11-22,54404,84.91799999999998,9
2019-11-24,54404,84.91799999999998,9
2019-11-25,54404,85.70200000000001,8
2019-11-26,54404,85.70200000000001,9
2019-11-28,54404,85.70200000000001,8
2019-11-29,54404,85.70200000000001,9
2019-11-30,54404,85.70200000000001,8
2019-12-03,54404,85.8,8
2019-12-04,54404,85.8,10
2019-12-06,54404,85.8,10
2019-12-07,54404,85.8,10
2019-12-08,54404,85.8,8
2019-12-09,54404,85.898,9
2019-12-10,54404,85.898,10
2019-12-13,54404,85.898,9
2019-12-15,54404,85.898,9
2019-12-16,54404,85.99600000000002,8
2019-12-18,54404,85.99600000000002,8
2019-12-20,54404,85.99600000000002,8
2019-12-21,54404,85.99600000000002,9
2019-12-22,54404,85.99600000000002,9
2018-01-17,60870,109.182,7
2018-01-18,60870,109.182,7
2018-01-19,60870,109.182,8
2018-01-21,60870,109.182,7
2018-01-22,60870,109.315,8
2018-01-24,60870,109.315,8
2018-01-25,60870,109.315,7
2018-01-26,60870,109.315,7
2018-01-27,60870,109.315,8
2018-01-29,60870,109.504,8
2018-01-30,60870,109.504,8
2018-02-01,60870,109.504,7
2018-02-02,60870,109.504,7
2018-02-03,60870,109.504,9
2018-02-04,60870,109.504,8
2018-02-06,60870,109.49,9
2018-02-08,60870,109.49,8
2018-02-09,60870,109.49,7
2018-02-11,60870,109.49,7
2018-02-12,60870,109.504,7
2018-02-13,60870,109.504,8
2018-02-15,60870,109.504,7
2018-02-16,60870,109.504,9
2018-02-17,60870,109.504,7
2018-02-18,60870,109.504,7
2018-02-19,60870,109.735,7
2018-02-21,60870,109.735,7
2018-02-22,60870,109.735,8
2018-02-23,60870,109.735,8
2018-02-24,60870,109.735,8
2018-02-25,60870,109.735,7
2018-02-26,60870,109.784,7
2018-02-27,60870,109.784,8
2018-02-28,60870,109.784,8
2018-03-01,60870,109.784,7
2018-03-02,60870,109.784,9
2018-03-03,60870,109.784,7
2018-03-04,60870,109.784,8
2018-03-07,60870,109.945,7
2018-03-09,60870,109.945,7
2018-03-10,60870,109.945,9
2018-03-11,60870,109.945,7
2018-03-12,60870,110.05,7
2018-03-13,60870,110.05,7
2018-03-14,60870,110.05,7
2018-03-16,60870,110.05,8
2018-03-17,60870,110.05,7
2018-03-18,60870,110.05,9
2018-03-19,60870,110.155,9
2018-03-20,60870,110.155,7
2018-03-21,60870,110.155,8
2018-03-22,60870,110.155,8
2018-03-23,60870,110.155,8
2018-03-25,60870,110.155,7
2018-03-26,60870,110.344,7
2018-03-27,60870,110.344,7
2018-03-28,60870,110.344,8
2018-03-29,60870,110.344,8
2018-03-30,60870,110.344,9
2018-03-31,60870,110.344,7
2018-04-02,60870,110.456,7
2018-04-04,60870,110.456,8
2018-04-06,60870,110.456,7
2018-04-07,60870,110.456,7
2018-04-09,60870,110.47,9
2018-04-10,60870,110.47,7
2018-04-11,60870,110.47,7
2018-04-13,60870,110.47,9
2018-04-14,60870,110.47,7
2018-04-16,60870,110.26,7
2018-04-17,60870,110.26,9
2018-04-18,60870,110.26,7
2018-04-19,60870,110.26,7
2018-04-20,60870,110.26,9
2018-04-21,60870,110.26,7
2018-04-23,60870,110.68,9
2018-04-26,60870,110.68,9
2018-04-27,60870,110.68,7
2018-04-28,60870,110.68,8
2018-04-29,60870,110.68,7
2018-04-30,60870,110.785,7
2018-05-01,60870,110.785,7
2018-05-02,60870,110.785,7
2018-05-03,60870,110.785,9
2018-05-04,60870,110.785,7
2018-05-05,60870,110.785,7
2018-05-06,60870,110.785,7
2018-05-07,60870,111.268,7
2018-05-08,60870,111.268,8
2018-05-09,60870,111.268,8
2018-05-10,60870,111.268,8
2018-05-11,60870,111.268,8
2018-05-14,60870,111.128,7
2018-05-16,60870,111.128,7
2018-05-17,60870,111.128,8
2018-05-18,60870,111.128,8
2018-05-19,60870,111.128,9
2018-05-20,60870,111.128,8
2018-05-22,60870,111.24,7
2018-05-24,60870,111.24,7
2018-05-25,60870,111.24,8
2018-05-26,60870,111.24,8
2018-05-28,60870,111.352,8
2018-05-29,60870,111.352,8
2018-05-30,60870,111.352,7
2018-06-02,60870,111.352,7
2018-06-03,60870,111.352,7
2018-06-05,60870,111.002,7
2018-06-07,60870,111.002,7
2018-06-08,60870,111.002,8
2018-06-10,60870,111.002,7
2018-06-11,60870,111.093,8
2018-06-13,60870,111.093,8
2018-06-15,60870,111.093,9
2018-06-16,60870,111.093,9
2018-06-17,60870,111.093,7
2018-06-19,60870,111.016,7
2018-06-20,60870,111.016,9
2018-06-23,60870,111.016,9
2018-06-24,60870,111.016,7
2018-06-25,60870,111.8,7
2018-06-26,60870,111.8,9
2018-06-27,60870,111.8,7
2018-06-28,60870,111.8,7
2018-06-29,60870,111.8,8
2018-07-01,60870,111.8,7
2018-07-02,60870,112.094,8
2018-07-03,60870,112.094,7
2018-07-04,60870,112.094,7
2018-07-06,60870,112.094,7
2018-07-07,60870,112.094,8
2018-07-08,60870,112.094,7
2018-07-09,60870,112.402,8
2018-07-10,60870,112.402,7
2018-07-12,60870,112.402,7
2018-07-13,60870,112.402,9
2018-07-14,60870,112.402,7
2018-07-15,60870,112.402,8
2018-07-16,60870,111.744,7
2018-07-19,60870,111.744,8
2018-07-20,60870,111.744,8
2018-07-22,60870,111.744,8
2018-07-23,60870,112.248,7
2018-07-24,60870,112.248,7
2018-07-25,60870,112.248,8
2018-07-26,60870,112.248,9
2018-07-27,60870,112.248,8
2018-07-29,60870,112.248,7
2018-07-30,60870,111.94,8
2018-08-02,60870,111.94,7
2018-08-03,60870,111.94,8
2018-08-04,60870,111.94,7
2018-08-05,60870,111.94,7
2018-08-06,60870,111.387,7
2018-08-07,60870,111.387,7
2018-08-09,60870,111.387,7
2018-08-11,60870,111.387,7
2018-08-12,60870,111.387,8
2018-08-13,60870,112.36,7
2018-08-15,60870,112.36,8
2018-08-16,60870,112.36,7
2018-08-17,60870,112.36,7
2018-08-19,60870,112.36,7
2018-08-20,60870,112.696,8
2018-08-21,60870,112.696,8
2018-08-22,60870,112.696,8
2018-08-23,60870,112.696,7
2018-08-25,60870,112.696,7
2018-08-26,60870,112.696,9
2018-08-27,60870,112.57,7
2018-08-28,60870,112.57,8
2018-08-29,60870,112.57,7
2018-08-31,60870,112.57,8
2018-09-01,60870,112.57,8
2018-09-02,60870,112.57,7
2018-09-03,60870,111.94,8
2018-09-04,60870,111.94,8
2018-09-05,60870,111.94,7
2018-09-06,60870,111.94,8
2018-09-08,60870,111.94,8
2018-09-09,60870,111.94,7
2018-09-10,60870,112.528,7
2018-09-11,60870,112.528,7
2018-09-12,60870,112.528,9
2018-09-13,60870,112.528,7
2018-09-15,60870,112.528,8
2018-09-16,60870,112.528,8
2018-09-17,60870,112.626,8
2018-09-20,60870,112.626,8
2018-09-21,60870,112.626,9
2018-09-23,60870,112.626,9
2018-09-24,60870,113.522,7
2018-09-25,60870,113.522,9
2018-09-27,60870,113.522,7
2018-09-28,60870,113.522,7
2018-09-29,60870,113.522,7
2018-09-30,60870,113.522,7
2018-10-01,60870,112.549,9
2018-10-02,60870,112.549,9
2018-10-03,60870,112.549,7
2018-10-04,60870,112.549,7
2018-10-05,60870,112.549,8
2018-10-07,60870,112.549,8
2018-10-12,60870,112.36,7
2018-10-13,60870,112.36,9
2018-10-16,60870,112.444,8
2018-10-18,60870,112.444,7
2018-10-19,60870,112.444,7
2018-10-21,60870,112.444,9
2018-10-23,60870,113.116,7
2018-10-24,60870,113.116,7
2018-10-25,60870,113.116,8
2018-10-26,60870,113.116,7
2018-10-27,60870,113.116,8
2018-10-28,60870,113.116,7
2018-10-29,60870,112.612,9
2018-10-30,60870,112.612,7
2018-10-31,60870,112.612,9
2018-11-02,60870,112.612,9
2018-11-03,60870,112.612,9
2018-11-04,60870,112.612,7
2018-11-05,60870,113.004,7
2018-11-07,60870,113.004,8
2018-11-08,60870,113.004,7
2018-11-09,60870,113.004,7
2018-11-10,60870,113.004,8
2018-11-11,60870,113.004,8
2018-11-14,60870,113.41,7
2018-11-15,60870,113.41,8
2018-11-16,60870,113.41,7
2018-11-17,60870,113.41,7
2018-11-18,60870,113.41,7
2018-11-21,60870,113.186,7
2018-11-22,60870,113.186,8
2018-11-23,60870,113.186,9
2018-11-25,60870,113.186,7
2018-11-26,60870,114.264,7
2018-11-27,60870,114.264,8
2018-11-28,60870,114.264,7
2018-11-29,60870,114.264,9
2018-11-30,60870,114.264,7
2018-12-01,60870,114.264,7
2018-12-03,60870,114.712,7
2018-12-04,60870,114.712,8
2018-12-05,60870,114.712,7
2018-12-06,60870,114.712,7
2018-12-07,60870,114.712,7
2018-12-08,60870,114.712,7
2018-12-09,60870,114.712,8
2018-12-10,60870,113.459,7
2018-12-11,60870,113.459,7
2018-12-15,60870,113.459,8
2018-12-16,60870,113.459,7
2018-12-17,60870,113.2,7
2018-12-18,60870,113.2,8
2018-12-19,60870,113.2,9
2018-12-20,60870,113.2,7
2018-12-22,60870,113.2,7
2018-12-24,60870,115.069,7
2018-12-26,60870,115.069,8
2018-12-30,60870,115.069,7
2019-01-01,60870,114.11,5
2019-01-02,60870,114.11,5
2019-01-03,60870,114.11,5
2019-01-04,60870,114.11,6
2019-01-05,60870,114.11,5
2019-01-06,60870,114.11,5
2019-01-07,60870,113.452,5
2019-01-08,60870,113.452,5
2019-01-10,60870,113.452,5
2019-01-11,60870,113.452,6
2019-01-12,60870,113.452,5
2019-01-15,60870,113.536,8
2019-01-16,60870,113.536,8
2019-01-18,60870,113.536,6
2019-01-20,60870,113.536,7
2019-01-21,60870,114.775,6
2019-01-22,60870,114.775,7
2019-01-23,60870,114.775,7
2019-01-24,60870,114.775,5
2019-01-25,60870,114.775,5
2019-01-27,60870,114.775,5
2019-01-28,60870,114.096,6
2019-01-29,60870,114.096,6
2019-01-30,60870,114.096,5
2019-01-31,60870,114.096,5
2019-02-02,60870,114.096,7
2019-02-05,60870,114.985,5
2019-02-06,60870,114.985,5
2019-02-07,60870,114.985,7
2019-02-08,60870,114.985,5
2019-02-09,60870,114.985,7
2019-02-10,60870,114.985,5
2019-02-11,60870,115.902,7
2019-02-14,60870,115.902,6
2019-02-15,60870,115.902,6
2019-02-17,60870,115.902,6
2019-02-18,60870,115.195,6
2019-02-20,60870,115.195,6
2019-02-23,60870,115.195,6
2019-02-24,60870,115.195,5
2019-02-26,60870,114.04,5
2019-02-28,60870,114.04,6
2019-03-01,60870,114.04,6
2019-03-02,60870,114.04,5
2019-03-03,60870,114.04,5
2019-03-04,60870,115.405,7
2019-03-05,60870,115.405,5
2019-03-07,60870,115.405,6
2019-03-08,60870,115.405,7
2019-03-10,60870,115.405,5
2019-03-11,60870,115.51,8
2019-03-14,60870,115.51,6
2019-03-15,60870,115.51,6
2019-03-18,60870,115.174,6
2019-03-19,60870,115.174,6
2019-03-20,60870,115.174,7
2019-03-21,60870,115.174,7
2019-03-22,60870,115.174,6
2019-03-23,60870,115.174,7
2019-03-25,60870,117.064,6
2018-07-17,80308,113.94,8
2018-07-18,80308,113.94,8
2018-07-20,80308,113.94,8
2018-07-21,80308,113.94,7
2018-07-22,80308,113.94,8
2018-07-23,80308,113.842,8
2018-07-24,80308,113.842,7
2018-07-25,80308,113.842,7
2018-07-26,80308,113.842,8
2018-07-27,80308,113.842,7
2018-07-28,80308,113.842,8
2018-07-29,80308,113.842,7
2018-07-30,80308,113.94,8
2018-07-31,80308,113.94,7
2018-08-01,80308,113.94,7
2018-08-02,80308,113.94,8
2018-08-05,80308,113.94,7
2018-08-06,80308,113.604,7
2018-08-09,80308,113.604,7
2018-08-10,80308,113.604,7
2018-08-11,80308,113.604,8
2018-08-12,80308,113.604,7
2018-08-13,80308,114.36,8
2018-08-15,80308,114.36,7
2018-08-16,80308,114.36,9
2018-08-17,80308,114.36,7
2018-08-18,80308,114.36,7
2018-08-19,80308,114.36,7
2018-08-22,80308,114.927,7
2018-08-24,80308,114.927,7
2018-08-25,80308,114.927,7
2018-08-26,80308,114.927,8
2018-08-27,80308,114.808,7
2018-08-30,80308,114.808,8
2018-08-31,80308,114.808,7
2018-09-01,80308,114.808,7
2018-09-04,80308,114.185,7
2018-09-05,80308,114.185,7
2018-09-06,80308,114.185,7
2018-09-07,80308,114.185,9
2018-09-08,80308,114.185,9
2018-09-10,80308,115.032,9
2018-09-11,80308,115.032,9
2018-09-12,80308,115.032,7
2018-09-13,80308,115.032,8
2018-09-14,80308,115.032,7
2018-09-15,80308,115.032,7
2018-09-16,80308,115.032,8
2018-09-17,80308,114.367,7
2018-09-20,80308,114.367,9
2018-09-22,80308,114.367,7
2018-09-24,80308,114.192,7
2018-09-25,80308,114.192,8
2018-09-28,80308,114.192,8
2018-09-29,80308,114.192,7
2018-10-03,80308,115.368,7
2018-10-04,80308,115.368,9
2018-10-05,80308,115.368,9
2018-10-06,80308,115.368,9
2018-10-07,80308,115.368,7
2018-10-09,80308,115.48,8
2018-10-10,80308,115.48,9
2018-10-13,80308,115.48,8
2018-10-15,80308,115.592,7
2018-10-17,80308,115.592,7
2018-10-18,80308,115.592,7
2018-10-19,80308,115.592,7
2018-10-20,80308,115.592,7
2018-10-21,80308,115.592,7
2018-10-22,80308,114.822,7
2018-10-25,80308,114.822,9
2018-10-27,80308,114.822,7
2018-10-28,80308,114.822,7
2018-10-29,80308,114.612,7
2018-10-30,80308,114.612,9
2018-10-31,80308,114.612,7
2018-11-02,80308,114.612,9
2018-11-04,80308,114.612,7
2018-11-07,80308,115.004,9
2018-11-08,80308,115.004,9
2018-11-10,80308,115.004,8
2018-11-11,80308,115.004,7
2018-11-12,80308,115.41,8
2018-11-13,80308,115.41,9
2018-11-15,80308,115.41,9
2018-11-17,80308,115.41,7
2018-11-18,80308,115.41,7
2018-11-19,80308,115.83,7
2018-11-21,80308,115.83,7
2018-11-22,80308,115.83,7
2018-11-23,80308,115.83,7
2018-11-24,80308,115.83,8
2018-11-25,80308,115.83,7
2018-11-26,80308,114.948,7
2018-11-27,80308,114.948,8
2018-11-29,80308,114.948,7
2018-11-30,80308,114.948,7
2018-12-01,80308,114.948,8
2018-12-03,80308,116.04,7
2018-12-04,80308,116.04,7
2018-12-06,80308,116.04,7
2018-12-07,80308,116.04,8
2018-12-08,80308,116.04,9
2018-12-09,80308,116.04,8
2018-12-10,80308,116.145,7
2018-12-12,80308,116.145,7
2018-12-13,80308,116.145,7
2018-12-14,80308,116.145,8
2018-12-16,80308,116.145,7
2018-12-17,80308,115.9,9
2018-12-18,80308,115.9,7
2018-12-19,80308,115.9,8
2018-12-20,80308,115.9,8
2018-12-21,80308,115.9,7
2018-12-22,80308,115.9,9
2018-12-23,80308,115.9,7
2018-12-24,80308,116.712,8
2018-12-25,80308,116.712,9
2018-12-26,80308,116.712,8
2018-12-27,80308,116.712,9
2018-12-29,80308,116.712,7
2019-01-01,80308,116.475,5
2019-01-04,80308,116.475,5
2019-01-05,80308,116.475,5
2019-01-08,80308,116.936,7
2019-01-09,80308,116.936,5
2019-01-11,80308,116.936,5
2019-01-13,80308,116.936,5
2019-01-14,80308,116.292,5
2019-01-16,80308,116.292,6
2019-01-19,80308,116.292,5
2019-01-21,80308,117.545,6
2019-01-22,80308,117.545,5
2019-01-23,80308,117.545,5
2019-01-24,80308,117.545,7
2019-01-26,80308,117.545,7
2019-01-27,80308,117.545,6
2019-01-28,80308,116.88,6
2019-01-29,80308,116.88,7
2019-01-30,80308,116.88,7
2019-01-31,80308,116.88,6
2019-02-01,80308,116.88,6
2019-02-02,80308,116.88,7
2019-02-03,80308,116.88,6
2019-02-04,80308,117.783,5
2019-02-06,80308,117.783,5
2019-02-07,80308,117.783,7
2019-02-08,80308,117.783,5
2019-02-09,80308,117.783,5
2019-02-10,80308,117.783,6
2019-02-11,80308,117.09,7
2019-02-12,80308,117.09,5
2019-02-13,80308,117.09,7
2019-02-14,80308,117.09,6
2019-02-15,80308,117.09,6
2019-02-16,80308,117.09,6
2019-02-17,80308,117.09,5
2019-02-19,80308,116.782,5
2019-02-20,80308,116.782,5
2019-02-21,80308,116.782,6
2019-02-22,80308,116.782,6
2019-02-23,80308,116.782,5
2019-02-24,80308,116.782,5
2019-02-25,80308,116.88,5
2019-02-27,80308,116.88,5
2019-02-28,80308,116.88,6
2019-03-01,80308,116.88,5
2019-03-03,80308,116.88,6
2019-03-08,80308,116.978,7
2019-03-10,80308,116.978,5
2019-03-12,80308,117.944,6
2019-03-16,80308,117.944,5
2019-03-17,80308,117.944,6
2019-03-18,80308,117.174,9
2019-03-19,80308,117.174,7
2019-03-20,80308,117.174,9
2019-03-21,80308,117.174,8
2019-03-22,80308,117.174,8
2019-03-25,80308,116.376,5
2019-03-26,80308,116.376,5
2019-03-27,80308,116.376,7
2019-03-28,80308,116.376,6
2019-03-29,80308,116.376,5
2019-03-31,80308,116.376,5
2019-04-01,80308,119.19,6
2019-04-02,80308,119.19,5
2019-04-03,80308,119.19,5
2019-04-04,80308,119.19,5
2019-04-05,80308,119.19,6
2019-04-06,80308,119.19,7
2019-04-07,80308,119.19,5
2019-04-09,80308,119.316,6
2019-04-10,80308,119.316,6
2019-04-11,80308,119.316,5
2019-04-12,80308,119.316,5
2019-04-15,80308,118.504,5
2019-04-16,80308,118.504,5
2019-04-17,80308,118.504,5
2019-04-18,80308,118.504,5
2019-04-19,80308,118.504,5
2019-04-20,80308,118.504,7
2019-04-21,80308,118.504,5
2019-04-22,80308,117.188,5
2019-04-23,80308,117.188,5
2019-04-25,80308,117.188,6
2019-04-27,80308,117.188,6
2019-04-29,80308,118.728,7
2019-05-01,80308,118.728,5
2019-05-02,80308,118.728,7
2019-05-04,80308,118.728,5
2019-05-05,80308,118.728,5
2019-05-08,80308,117.37,5
2019-05-09,80308,117.37,5
2019-05-10,80308,117.37,5
2019-05-11,80308,117.37,7
2019-05-13,80308,117.461,5
2019-05-14,80308,117.461,5
2019-05-15,80308,117.461,6
2019-05-16,80308,117.461,7
2019-05-17,80308,117.461,7
2019-05-18,80308,117.461,5
2019-05-19,80308,117.461,5
2019-05-20,80308,119.064,7
2019-05-21,80308,119.064,5
2019-05-22,80308,119.064,5
2019-05-23,80308,119.064,5
2019-05-25,80308,119.064,6
2019-05-27,80308,117.643,5
2019-05-28,80308,117.643,6
2019-05-30,80308,117.643,6
2019-05-31,80308,117.643,6
2019-06-01,80308,117.643,5
2019-06-03,80308,119.806,6
2019-06-04,80308,119.806,8
2019-06-05,80308,119.806,6
2019-06-06,80308,119.806,6
2019-06-08,80308,119.806,6
2019-06-09,80308,119.806,8
2019-06-10,80308,118.35,5
2019-06-11,80308,118.35,5
2019-06-13,80308,118.35,6
2019-06-14,80308,118.35,6
2019-06-15,80308,118.35,6
2019-06-16,80308,118.35,7
2019-06-17,80308,118.448,5
2019-06-18,80308,118.448,5
2019-06-20,80308,118.448,6
2019-06-21,80308,118.448,5
2019-06-22,80308,118.448,5
2019-06-23,80308,118.448,6
2019-06-24,80308,120.163,5
2019-06-26,80308,120.163,5
2019-06-27,80308,120.163,5
2019-06-29,80308,120.163,7
2019-06-30,80308,120.163,6
2019-07-01,80308,118.098,5
2019-07-02,80308,118.098,5
2019-07-04,80308,118.098,5
2019-07-08,80308,118.189,6
2019-07-09,80308,118.189,7
2019-07-10,80308,118.189,6
2019-07-12,80308,118.189,6
2019-07-13,80308,118.189,8
2019-07-14,80308,118.189,7
2019-07-15,80308,120.52,6
2019-07-16,80308,120.52,5
2019-07-17,80308,120.52,7
2019-07-18,80308,120.52,7
2019-07-19,80308,120.52,6
2019-07-20,80308,120.52,6
2019-07-22,80308,118.371,7
2019-07-23,80308,118.371,6
2019-07-24,80308,118.371,5
2019-07-25,80308,118.371,6
2019-07-27,80308,118.371,6
2019-07-30,80308,119.036,5
2019-07-31,80308,119.036,5
2019-08-01,80308,119.036,6
2019-08-02,80308,119.036,5
2019-08-03,80308,119.036,5
2019-08-04,80308,119.036,6
2019-08-05,80308,120.296,6
2019-08-06,80308,120.296,6
2019-08-07,80308,120.296,5
2019-08-08,80308,120.296,5
2019-08-09,80308,120.296,6
2019-08-10,80308,120.296,5
2019-08-11,80308,120.296,6
2019-08-13,80308,118.644,5
2019-08-14,80308,118.644,7
2019-08-16,80308,118.644,6
2019-08-17,80308,118.644,6
2019-08-18,80308,118.644,5
2019-08-19,80308,119.33,5
2019-08-20,80308,119.33,7
2019-08-21,80308,119.33,5
2019-08-23,80308,119.33,5
2019-08-24,80308,119.33,6
2019-08-25,80308,119.33,5
2019-08-26,80308,120.632,7
2019-08-27,80308,120.632,7
2019-08-28,80308,120.632,6
2019-08-29,80308,120.632,7
2019-08-30,80308,120.632,8
2019-08-31,80308,120.632,6
2019-09-02,80308,121.353,6
2019-09-03,80308,121.353,5
2019-09-07,80308,121.353,5
2019-09-08,80308,121.353,6
2019-09-09,80308,120.856,5
2019-09-10,80308,120.856,5
2019-09-11,80308,120.856,7
2019-09-12,80308,120.856,7
2019-09-14,80308,120.856,6
2019-09-15,80308,120.856,5
2019-09-16,80308,120.968,5
2019-09-17,80308,120.968,5
2019-09-18,80308,120.968,7
2019-09-20,80308,120.968,6
2019-09-24,80308,117.3,6
2019-09-28,80308,117.3,5
2019-09-29,80308,117.3,5
2019-09-30,80308,120.555,5
2019-10-02,80308,120.555,5
2019-10-03,80308,120.555,5
2019-10-06,80308,120.555,5
2019-10-09,80308,122.592,6
2019-10-10,80308,122.592,5
2019-10-11,80308,122.592,6
2019-10-12,80308,122.592,6
2019-10-15,80308,122.067,5
2019-10-18,80308,122.067,5
2019-10-19,80308,122.067,7
2019-10-20,80308,122.067,6
2019-10-22,80308,121.528,5
2019-10-24,80308,121.528,5
2019-10-26,80308,121.528,5
2019-10-27,80308,121.528,7
2019-10-29,80308,120.975,7
2019-10-30,80308,120.975,6
2019-10-31,80308,120.975,6
2019-11-02,80308,120.975,6
2019-11-03,80308,120.975,8
2019-11-05,80308,121.08,7
2019-11-06,80308,121.08,6
2019-11-07,80308,121.08,5
2019-11-09,80308,121.08,7
2019-11-10,80308,121.08,5
2019-11-11,80308,123.901,5
2019-11-12,80308,123.901,7
2019-11-13,80308,123.901,6
2019-11-14,80308,123.901,6
2019-11-15,80308,123.901,6
2019-11-17,80308,123.901,5
2019-11-18,80308,120.604,6
2019-11-19,80308,120.604,6
2019-11-21,80308,120.604,5
2019-11-22,80308,120.604,5
2019-11-23,80308,120.604,7
2019-11-24,80308,120.604,5
2019-11-25,80308,119.316,5
2019-11-26,80308,119.316,5
2019-11-27,80308,119.316,5
2019-11-30,80308,119.316,5
2019-12-01,80308,119.316,7
2019-12-02,80308,121.5,6
2019-12-03,80308,121.5,5
2019-12-04,80308,121.5,5
2019-12-06,80308,121.5,5
2019-12-09,80308,120.898,5
2019-12-10,80308,120.898,5
2019-12-11,80308,120.898,5
2019-12-12,80308,120.898,6
2019-12-13,80308,120.898,5
2019-12-14,80308,120.898,7
2019-12-15,80308,120.898,5
2019-12-16,80308,119.568,6
2019-12-18,80308,119.568,7
2019-12-21,80308,119.568,6
2019-12-22,80308,119.568,6
2019-05-13,80631,87.95200000000001,6
2019-05-14,80631,87.95200000000001,6
2019-05-15,80631,87.95200000000001,5
2019-05-18,80631,87.95200000000001,5
2019-05-20,80631,88.568,5
2019-05-21,80631,88.568,5
2019-05-22,80631,88.568,6
2019-05-24,80631,88.568,5
2019-05-25,80631,88.568,6
2019-05-27,80631,86.64299999999999,5
2019-05-28,80631,86.64299999999999,5
2019-05-29,80631,86.64299999999999,5
2019-05-30,80631,86.64299999999999,5
2019-05-31,80631,86.64299999999999,7
2019-06-03,80631,87.25200000000002,6
2019-06-04,80631,87.25200000000002,6
2019-06-06,80631,87.25200000000002,7
2019-06-07,80631,87.25200000000002,8
2019-06-08,80631,87.25200000000002,6
2019-06-09,80631,87.25200000000002,8
2019-06-13,80631,88.925,5
2019-06-14,80631,88.925,5
2019-06-15,80631,88.925,6
2019-06-16,80631,88.925,6
2019-06-17,80631,88.512,5
2019-06-18,80631,88.512,5
2019-06-19,80631,88.512,5
2019-06-21,80631,88.512,5
2019-06-22,80631,88.512,6
2019-06-23,80631,88.512,5
2019-06-24,80631,85.929,5
2019-06-25,80631,85.929,5
2019-06-26,80631,85.929,7
2019-06-27,80631,85.929,5
2019-06-28,80631,85.929,5
2019-06-29,80631,85.929,5
2019-06-30,80631,85.929,5
2019-07-01,80631,88.19,5
2019-07-02,80631,88.19,7
2019-07-03,80631,88.19,5
2019-07-05,80631,88.19,5
2019-07-07,80631,88.19,7
2019-07-09,80631,86.63600000000002,6
2019-07-13,80631,86.63600000000002,5
2019-07-14,80631,86.63600000000002,5
2019-07-18,80631,86.72,7
2019-07-19,80631,86.72,5
2019-07-20,80631,86.72,7
2019-07-21,80631,86.72,6
2019-07-22,80631,88.505,7
2019-07-24,80631,88.505,5
2019-07-28,80631,88.505,5
2019-07-29,80631,88.036,5
2019-07-30,80631,88.036,5
2019-07-31,80631,88.036,5
2019-08-02,80631,88.036,7
2019-08-04,80631,88.036,6
2019-08-07,80631,88.134,6
2019-08-09,80631,88.134,6
2019-08-10,80631,88.134,8
2019-08-12,80631,88.23200000000001,6
2019-08-13,80631,88.23200000000001,6
2019-08-15,80631,88.23200000000001,5
2019-08-17,80631,88.23200000000001,5
2019-08-18,80631,88.23200000000001,7
2019-08-19,80631,90.115,5
2019-08-20,80631,90.115,6
2019-08-21,80631,90.115,6
2019-08-24,80631,90.115,7
2019-08-25,80631,90.115,6
2019-08-27,80631,87.82600000000002,6
2019-08-28,80631,87.82600000000002,7
2019-08-29,80631,87.82600000000002,5
2019-08-30,80631,87.82600000000002,5
2019-08-31,80631,87.82600000000002,6
2019-09-01,80631,87.82600000000002,5
2019-09-02,80631,89.135,6
2019-09-03,80631,89.135,5
2019-09-04,80631,89.135,5
2019-09-05,80631,89.135,5
2019-09-07,80631,89.135,5
2019-09-08,80631,89.135,5
2019-09-09,80631,89.24,5
2019-09-10,80631,89.24,7
2019-09-12,80631,89.24,5
2019-09-13,80631,89.24,5
2019-09-14,80631,89.24,6
2019-09-15,80631,89.24,5
2019-09-16,80631,88.72200000000002,5
2019-09-17,80631,88.72200000000002,5
2019-09-18,80631,88.72200000000002,7
2019-09-19,80631,88.72200000000002,5
2019-09-20,80631,88.72200000000002,5
2019-09-21,80631,88.72200000000002,5
2019-09-22,80631,88.72200000000002,5
2019-09-24,80631,90.08,7
2019-09-25,80631,90.08,7
2019-09-26,80631,90.08,5
2019-09-27,80631,90.08,5
2019-09-28,80631,90.08,5
2019-09-30,80631,88.281,7
2019-10-01,80631,88.281,6
2019-10-02,80631,88.281,7
2019-10-03,80631,88.281,5
2019-10-05,80631,88.281,5
2019-10-06,80631,88.281,5
2019-10-08,80631,90.948,5
2019-10-09,80631,90.948,5
2019-10-10,80631,90.948,5
2019-10-11,80631,90.948,5
2019-10-12,80631,90.948,5
2019-10-13,80631,90.948,5
2019-10-14,80631,91.718,5
2019-10-15,80631,91.718,7
2019-10-16,80631,91.718,5
2019-10-17,80631,91.718,6
2019-10-18,80631,91.718,5
2019-10-19,80631,91.718,6
2019-10-20,80631,91.718,5
2019-10-21,80631,87.238,8
2019-10-22,80631,87.238,7
2019-10-24,80631,87.238,7
2019-10-27,80631,87.238,7
2019-10-28,80631,89.31,7
2019-10-29,80631,89.31,5
2019-11-03,80631,89.31,5
2019-11-04,80631,88.736,5
2019-11-07,80631,88.736,5
2019-11-09,80631,88.736,5
2019-11-10,80631,88.736,5
2019-11-11,80631,90.864,6
2019-11-12,80631,90.864,5
2019-11-13,80631,90.864,6
2019-11-15,80631,90.864,5
2019-11-16,80631,90.864,7
2019-11-17,80631,90.864,7
2019-11-18,80631,90.29,6
2019-11-19,80631,90.29,5
2019-11-20,80631,90.29,5
2019-11-21,80631,90.29,6
2019-11-24,80631,90.29,7
2019-11-25,80631,92.474,5
2019-11-26,80631,92.474,5
2019-11-27,80631,92.474,5
2019-11-28,80631,92.474,5
2019-11-29,80631,92.474,5
2019-11-30,80631,92.474,5
2019-12-01,80631,92.474,7
2019-12-02,80631,90.5,6
2019-12-04,80631,90.5,6
2019-12-05,80631,90.5,5
2019-12-06,80631,90.5,6
2019-12-07,80631,90.5,7
2019-12-08,80631,90.5,6
2019-12-09,80631,88.484,7
2019-12-13,80631,88.484,6
2019-12-14,80631,88.484,6
2019-12-15,80631,88.484,6
2019-12-18,80631,90.71,5
2019-12-19,80631,90.71,5
2019-12-20,80631,90.71,5
2019-12-22,80631,90.71,6
2019-12-23,80631,92.257,5
2018-04-12,84395,131.47,10
2018-04-13,84395,131.47,12
2018-04-14,84395,131.47,11
2018-04-15,84395,131.47,10
2018-04-16,84395,131.26,10
2018-04-17,84395,131.26,11
2018-04-18,84395,131.26,10
2018-04-21,84395,131.26,11
2018-04-23,84395,131.68,11
2018-04-24,84395,131.68,11
2018-04-25,84395,131.68,10
2018-04-27,84395,131.68,10
2018-04-29,84395,131.68,10
2018-04-30,84395,131.309,10
2018-05-02,84395,131.309,10
2018-05-05,84395,131.309,10
2018-05-06,84395,131.309,12
2018-05-08,84395,132.268,10
2018-05-09,84395,132.268,10
2018-05-10,84395,132.268,10
2018-05-11,84395,132.268,11
2018-05-13,84395,132.268,10
2018-05-14,84395,131.72899999999998,10
2018-05-15,84395,131.72899999999998,12
2018-05-16,84395,131.72899999999998,10
2018-05-19,84395,131.72899999999998,10
2018-05-20,84395,131.72899999999998,10
2018-05-22,84395,131.96,10
2018-05-25,84395,131.96,11
2018-05-26,84395,131.96,10
2018-05-29,84395,131.764,10
2018-05-30,84395,131.764,10
2018-05-31,84395,131.764,10
2018-06-01,84395,131.764,10
2018-06-02,84395,131.764,12
2018-06-03,84395,131.764,10
2018-06-04,84395,132.464,10
2018-06-05,84395,132.464,10
2018-06-06,84395,132.464,11
2018-06-07,84395,132.464,11
2018-06-08,84395,132.464,11
2018-06-09,84395,132.464,10
2018-06-10,84395,132.464,11
2018-06-11,84395,132.415,10
2018-06-12,84395,132.415,10
2018-06-13,84395,132.415,10
2018-06-14,84395,132.415,11
2018-06-15,84395,132.415,10
2018-06-16,84395,132.415,12
2018-06-17,84395,132.415,12
2018-06-18,84395,132.352,10
2018-06-19,84395,132.352,12
2018-06-20,84395,132.352,10
2018-06-21,84395,132.352,11
2018-06-22,84395,132.352,10
2018-06-23,84395,132.352,11
2018-06-25,84395,132.625,11
2018-06-28,84395,132.625,11
2018-06-29,84395,132.625,12
2018-06-30,84395,132.625,11
2018-07-01,84395,132.625,10
2018-07-02,84395,132.184,10
2018-07-03,84395,132.184,10
2018-07-05,84395,132.184,10
2018-07-06,84395,132.184,11
2018-07-10,84395,133.213,12
2018-07-11,84395,133.213,12
2018-07-12,84395,133.213,12
2018-07-13,84395,133.213,11
2018-07-15,84395,133.213,10
2018-07-16,84395,132.744,10
2018-07-18,84395,132.744,10
2018-07-20,84395,132.744,10
2018-07-22,84395,132.744,10
2018-07-23,84395,133.451,12
2018-07-25,84395,133.451,11
2018-07-27,84395,133.451,11
2018-07-28,84395,133.451,10
2018-07-29,84395,133.451,10
2018-07-30,84395,133.78,10
2018-07-31,84395,133.78,11
2018-08-02,84395,133.78,12
2018-08-03,84395,133.78,11
2018-08-04,84395,133.78,10
2018-08-05,84395,133.78,10
2018-08-06,84395,132.60399999999998,10
2018-08-07,84395,132.60399999999998,10
2018-08-08,84395,132.60399999999998,10
2018-08-10,84395,132.60399999999998,10
2018-08-11,84395,132.60399999999998,10
2018-08-13,84395,132.688,12
2018-08-15,84395,132.688,10
2018-08-16,84395,132.688,10
2018-08-17,84395,132.688,10
2018-08-18,84395,132.688,11
2018-08-19,84395,132.688,11
2018-08-21,84395,133.234,11
2018-08-22,84395,133.234,10
2018-08-23,84395,133.234,11
2018-08-25,84395,133.234,10
2018-08-26,84395,133.234,10
2018-08-27,84395,134.284,10
2018-08-28,84395,134.284,11
2018-08-29,84395,134.284,10
2018-08-30,84395,134.284,12
2018-09-03,84395,133.43,12
2018-09-04,84395,133.43,11
2018-09-06,84395,133.43,11
2018-09-07,84395,133.43,12
2018-09-08,84395,133.43,10
2018-09-09,84395,133.43,11
2018-09-11,84395,133.276,10
2018-09-13,84395,133.276,11
2018-09-14,84395,133.276,10
2018-09-15,84395,133.276,10
2018-09-16,84395,133.276,10
2018-09-17,84395,133.108,12
2018-09-18,84395,133.108,10
2018-09-19,84395,133.108,10
2018-09-20,84395,133.108,11
2018-09-21,84395,133.108,11
2018-09-22,84395,133.108,11
2018-09-23,84395,133.108,10
2018-09-24,84395,133.724,10
2018-09-25,84395,133.724,10
2018-09-27,84395,133.724,10
2018-09-29,84395,133.724,10
2018-10-01,84395,133.822,10
2018-10-02,84395,133.822,10
2018-10-03,84395,133.822,11
2018-10-04,84395,133.822,12
2018-10-05,84395,133.822,10
2018-10-06,84395,133.822,11
2018-10-08,84395,132.8,10
2018-10-09,84395,132.8,12
2018-10-10,84395,132.8,11
2018-10-11,84395,132.8,11
2018-10-14,84395,132.8,10
2018-10-15,84395,134.018,10
2018-10-16,84395,134.018,10
2018-10-17,84395,134.018,10
2018-10-18,84395,134.018,10
2018-10-19,84395,134.018,12
2018-10-22,84395,134.41,10
2018-10-23,84395,134.41,10
2018-10-24,84395,134.41,11
2018-10-25,84395,134.41,10
2018-10-26,84395,134.41,10
2018-10-29,84395,134.214,10
2018-10-30,84395,134.214,10
2018-10-31,84395,134.214,12
2018-11-01,84395,134.214,10
2018-11-06,84395,134.62,10
2018-11-09,84395,134.62,11
2018-11-10,84395,134.62,11
2018-11-11,84395,134.62,12
2018-11-12,84395,134.095,10
2018-11-13,84395,134.095,10
2018-11-14,84395,134.095,10
2018-11-15,84395,134.095,10
2018-11-16,84395,134.095,11
2018-11-17,84395,134.095,10
2018-11-19,84395,134.186,10
2018-11-20,84395,134.186,10
2018-11-21,84395,134.186,11
2018-11-22,84395,134.186,10
2018-11-24,84395,134.186,10
2018-11-25,84395,134.186,10
2018-11-27,84395,135.264,11
2018-11-28,84395,135.264,10
2018-11-29,84395,135.264,10
2018-11-30,84395,135.264,10
2018-12-01,84395,135.264,11
2018-12-04,84395,134.704,10
2018-12-05,84395,134.704,10
2018-12-06,84395,134.704,11
2018-12-07,84395,134.704,10
2018-12-08,84395,134.704,10
2018-12-09,84395,134.704,10
2018-12-13,84395,134.80200000000002,10
2018-12-14,84395,134.80200000000002,10
2018-12-16,84395,134.80200000000002,10
2018-12-17,84395,135.25,11
2018-12-18,84395,135.25,11
2018-12-19,84395,135.25,10
2018-12-21,84395,135.25,10
2018-12-22,84395,135.25,11
2018-12-26,84395,136.069,10
2018-12-27,84395,136.069,10
2018-12-28,84395,136.069,10
2018-12-30,84395,136.069,11
2019-01-01,84395,134.38,9
2019-01-02,84395,134.38,8
2019-01-03,84395,134.38,8
2019-01-04,84395,134.38,8
2019-01-07,84395,135.565,9
2019-01-08,84395,135.565,8
2019-01-09,84395,135.565,10
2019-01-11,84395,135.565,8
2019-01-12,84395,135.565,10
2019-01-13,84395,135.565,8
2019-01-14,84395,136.804,9
2019-01-15,84395,136.804,8
2019-01-16,84395,136.804,10
2019-01-17,84395,136.804,10
2019-01-18,84395,136.804,8
2019-01-21,84395,135.39,8
2019-01-24,84395,135.39,9
2019-01-25,84395,135.39,8
2019-01-26,84395,135.39,8
2019-01-28,84395,135.488,12
2019-01-29,84395,135.488,12
2019-01-31,84395,135.488,13
2019-02-02,84395,135.488,12
2019-02-05,84395,135.985,8
2019-02-06,84395,135.985,8
2019-02-07,84395,135.985,8
2019-02-08,84395,135.985,8
2019-02-09,84395,135.985,9
2019-02-11,84395,136.90200000000002,9
2019-02-12,84395,136.90200000000002,8
2019-02-13,84395,136.90200000000002,9
2019-02-14,84395,136.90200000000002,8
2019-02-15,84395,136.90200000000002,8
2019-02-16,84395,136.90200000000002,8
2019-02-17,84395,136.90200000000002,8
2019-02-18,84395,136.608,10
2019-02-19,84395,136.608,10
2019-02-20,84395,136.608,8
2019-02-23,84395,136.608,8
2019-02-25,84395,135.46,9
2019-02-27,84395,135.46,9
2019-03-01,84395,135.46,8
2019-03-02,84395,135.46,8
2019-03-03,84395,135.46,8
2019-03-04,84395,136.405,8
2019-03-05,84395,136.405,8
2019-03-07,84395,136.405,8
2019-03-08,84395,136.405,9
2019-03-09,84395,136.405,8
2019-03-11,84395,136.076,8
2019-03-12,84395,136.076,8
2019-03-13,84395,136.076,8
2019-03-14,84395,136.076,9
2019-03-15,84395,136.076,10
2019-03-16,84395,136.076,9
2019-03-17,84395,136.076,8
2019-03-18,84395,137.056,8
2019-03-22,84395,137.056,8
2019-03-23,84395,137.056,9
2019-03-24,84395,137.056,10
2019-03-26,84395,136.27200000000002,9
2019-03-27,84395,136.27200000000002,8
2019-03-28,84395,136.27200000000002,8
2019-03-29,84395,136.27200000000002,9
2019-03-30,84395,136.27200000000002,8
2019-03-31,84395,136.27200000000002,9
2019-04-01,84395,136.37,10
2019-04-02,84395,136.37,8
2019-04-04,84395,136.37,8
2019-04-05,84395,136.37,8
2019-04-06,84395,136.37,8
2019-04-07,84395,136.37,8
2019-04-08,84395,136.468,9
2019-04-09,84395,136.468,9
2019-04-10,84395,136.468,8
2019-04-11,84395,136.468,10
2019-04-12,84395,136.468,8
2019-04-13,84395,136.468,8
2019-04-15,84395,136.097,8
2019-04-16,84395,136.097,9
2019-04-17,84395,136.097,9
2019-04-18,84395,136.097,8
2019-04-19,84395,136.097,8
2019-04-21,84395,136.097,9
2019-04-22,84395,137.616,8
2019-04-24,84395,137.616,9
2019-04-26,84395,137.616,8
2019-04-29,84395,137.245,8
2019-04-30,84395,137.245,8
2019-05-03,84395,137.245,8
2019-05-04,84395,137.245,9
2019-05-05,84395,137.245,8
2019-05-07,84395,137.35,10
2019-05-08,84395,137.35,10
2019-05-09,84395,137.35,8
2019-05-11,84395,137.35,8
2019-05-12,84395,137.35,8
2019-05-14,84395,137.952,9
2019-05-16,84395,137.952,10
2019-05-17,84395,137.952,8
2019-05-18,84395,137.952,9
2019-05-22,84395,138.064,8
2019-05-23,84395,138.064,8
2019-05-24,84395,138.064,10
2019-05-25,84395,138.064,10
2019-05-27,84395,137.665,8
2019-05-28,84395,137.665,8
2019-05-30,84395,137.665,9
2019-06-01,84395,137.665,8
2019-06-03,84395,137.252,9
2019-06-05,84395,137.252,8
2019-06-06,84395,137.252,9
2019-06-07,84395,137.252,8
2019-06-08,84395,137.252,8
2019-06-09,84395,137.252,8
2019-06-10,84395,137.875,8
2019-06-12,84395,137.875,10
2019-06-13,84395,137.875,10
2019-06-14,84395,137.875,8
2019-06-15,84395,137.875,10
2019-06-18,84395,136.916,10
2019-06-19,84395,136.916,10
2019-06-21,84395,136.916,12
2019-06-22,84395,136.916,12
2019-06-24,84395,138.085,9
2019-06-25,84395,138.085,9
2019-06-26,84395,138.085,8
2019-06-27,84395,138.085,8
2019-06-28,84395,138.085,10
2019-06-29,84395,138.085,8
2019-06-30,84395,138.085,9
2019-07-02,84395,138.736,10
2019-07-03,84395,138.736,8
2019-07-04,84395,138.736,8
2019-07-05,84395,138.736,8
2019-07-08,84395,135.53,8
2019-07-12,84395,135.53,9
2019-07-13,84395,135.53,9
2019-07-16,84395,136.72,9
2019-07-18,84395,136.72,8
2019-07-19,84395,136.72,8
2019-07-20,84395,136.72,8
2019-07-21,84395,136.72,10
2019-07-24,84395,136.804,9
2019-07-25,84395,136.804,9
2019-07-26,84395,136.804,8
2019-07-27,84395,136.804,8
2019-07-29,84395,138.61,9
2019-08-01,84395,138.61,8
2019-08-02,84395,138.61,8
2019-08-03,84395,138.61,10
2019-08-04,84395,138.61,9
2019-08-05,84395,137.553,8
2019-08-07,84395,137.553,8
2019-08-08,84395,137.553,8
2019-08-09,84395,137.553,8
2019-08-13,84395,137.056,12
2019-08-14,84395,137.056,12
2019-08-16,84395,137.056,12
2019-08-17,84395,137.056,12
2019-08-18,84395,137.056,12
2019-08-20,84395,137.735,10
2019-08-24,84395,137.735,11
2019-08-25,84395,137.735,10
2019-08-27,84395,138.428,10
2019-08-29,84395,138.428,11
2019-09-01,84395,138.428,9
2019-09-02,84395,139.744,10
2019-09-04,84395,139.744,9
2019-09-05,84395,139.744,9
2019-09-07,84395,139.744,9
2019-09-08,84395,139.744,10
2019-09-09,84395,139.24,8
2019-09-10,84395,139.24,9
2019-09-13,84395,139.24,9
2019-09-14,84395,139.24,9
2019-09-15,84395,139.24,9
2019-09-16,84395,139.345,8
2019-09-18,84395,139.345,9
2019-09-20,84395,139.345,9
2019-09-21,84395,139.345,10
2019-09-22,84395,139.345,10
2019-09-23,84395,138.19,9
2019-09-24,84395,138.19,8
2019-09-25,84395,138.19,8
2019-09-26,84395,138.19,8
2019-09-27,84395,138.19,8
2019-09-28,84395,138.19,9
2019-09-29,84395,138.19,10
2019-09-30,84395,139.555,8
2019-10-01,84395,139.555,8
2019-10-03,84395,139.555,9
2019-10-05,84395,139.555,9
2019-10-06,84395,139.555,8
2019-10-08,84395,139.66,9
2019-10-09,84395,139.66,10
2019-10-10,84395,139.66,9
2019-10-14,84395,137.812,9
2019-10-18,84395,137.812,8
2019-10-22,84395,141.186,8
2019-10-23,84395,141.186,8
2019-10-24,84395,141.186,9
2019-10-25,84395,141.186,9
2019-10-26,84395,141.186,9
2019-10-27,84395,141.186,8
2019-10-28,84395,137.315,8
2019-10-29,84395,137.315,8
2019-10-30,84395,137.315,8
2019-10-31,84395,137.315,8
2019-11-01,84395,137.315,8
2019-11-02,84395,137.315,8
2019-11-03,84395,137.315,8
2019-11-04,84395,139.408,9
2019-11-05,84395,139.408,9
2019-11-06,84395,139.408,8
2019-11-07,84395,139.408,8
2019-11-08,84395,139.408,8
2019-11-10,84395,139.408,8
2019-11-15,84395,140.864,10
2019-11-16,84395,140.864,10
2019-11-19,84395,140.976,8
2019-11-20,84395,140.976,9
2019-11-22,84395,140.976,8
2019-11-23,84395,140.976,8
2019-11-24,84395,140.976,8
2019-11-25,84395,141.088,10
2019-11-26,84395,141.088,10
2019-11-27,84395,141.088,10
2019-11-28,84395,141.088,9
2019-12-01,84395,141.088,10
2019-12-02,84395,139.8,12
2019-12-03,84395,139.8,12
2019-12-06,84395,139.8,12
2019-12-07,84395,139.8,12
2019-12-08,84395,139.8,12
2019-12-09,84395,142.019,9
2019-12-10,84395,142.019,10
2019-12-11,84395,142.019,10
2019-12-12,84395,142.019,9
2019-12-14,84395,142.019,9
2019-12-15,84395,142.019,9
2019-12-16,84395,141.424,8
2019-12-17,84395,141.424,8
2019-12-18,84395,141.424,8
2019-12-19,84395,141.424,10
2019-12-21,84395,141.424,8
2019-12-22,84395,141.424,8
2019-12-23,84395,140.815,10
2018-04-14,89272,116.47,9
2018-04-15,89272,116.47,7
2018-04-16,89272,116.365,8
2018-04-17,89272,116.365,8
2018-04-20,89272,116.365,8
2018-04-22,89272,116.365,7
2018-04-24,89272,117.016,9
2018-04-27,89272,117.016,9
2018-04-28,89272,117.016,8
2018-04-29,89272,117.016,7
2018-04-30,89272,116.904,8
2018-05-01,89272,116.904,8
2018-05-02,89272,116.904,7
2018-05-03,89272,116.904,8
2018-05-04,89272,116.904,7
2018-05-07,89272,116.26,8
2018-05-08,89272,116.26,8
2018-05-09,89272,116.26,8
2018-05-10,89272,116.26,8
2018-05-12,89272,116.26,8
2018-05-13,89272,116.26,7
2018-05-14,89272,116.995,7
2018-05-15,89272,116.995,7
2018-05-18,89272,116.995,8
2018-05-19,89272,116.995,7
2018-05-20,89272,116.995,8
2018-05-22,89272,117.52,7
2018-05-23,89272,117.52,9
2018-05-24,89272,117.52,8
2018-05-25,89272,117.52,8
2018-05-26,89272,117.52,7
2018-05-27,89272,117.52,7
2018-05-30,89272,117.352,7
2018-05-31,89272,117.352,7
2018-06-01,89272,117.352,9
2018-06-02,89272,117.352,9
2018-06-04,89272,117.156,7
2018-06-05,89272,117.156,9
2018-06-06,89272,117.156,7
2018-06-07,89272,117.156,8
2018-06-08,89272,117.156,8
2018-06-09,89272,117.156,7
2018-06-10,89272,117.156,8
2018-06-11,89272,117.737,7
2018-06-13,89272,117.737,8
2018-06-16,89272,117.737,7
2018-06-18,89272,117.352,8
2018-06-19,89272,117.352,8
2018-06-20,89272,117.352,9
2018-06-21,89272,117.352,7
2018-06-23,89272,117.352,8
2018-06-25,89272,117.625,7
2018-06-26,89272,117.625,7
2018-06-27,89272,117.625,7
2018-06-28,89272,117.625,9
2018-06-30,89272,117.625,7
2018-07-01,89272,117.625,9
2018-07-02,89272,117.912,8
2018-07-03,89272,117.912,7
2018-07-05,89272,117.912,7
2018-07-06,89272,117.912,7
2018-07-07,89272,117.912,7
2018-07-08,89272,117.912,7
2018-07-11,89272,117.835,7
2018-07-13,89272,117.835,7
2018-07-14,89272,117.835,7
2018-07-15,89272,117.835,7
2018-07-16,89272,118.528,9
2018-07-17,89272,118.528,7
2018-07-18,89272,118.528,9
2018-07-19,89272,118.528,8
2018-07-20,89272,118.528,7
2018-07-21,89272,118.528,8
2018-07-22,89272,118.528,8
2018-07-23,89272,118.248,7
2018-07-25,89272,118.248,8
2018-07-27,89272,118.248,7
2018-07-28,89272,118.248,7
2018-07-29,89272,118.248,8
2018-07-30,89272,117.73,9
2018-07-31,89272,117.73,7
2018-08-04,89272,117.73,7
2018-08-06,89272,118.906,7
2018-08-07,89272,118.906,8
2018-08-08,89272,118.906,7
2018-08-09,89272,118.906,8
2018-08-12,89272,118.906,9
2018-08-14,89272,118.36,7
2018-08-15,89272,118.36,7
2018-08-19,89272,118.36,8
2018-08-20,89272,118.465,7
2018-08-21,89272,118.465,7
2018-08-22,89272,118.465,7
2018-08-24,89272,118.465,8
2018-08-26,89272,118.465,7
2018-08-27,89272,118.094,7
2018-08-28,89272,118.094,8
2018-08-29,89272,118.094,7
2018-08-30,89272,118.094,7
2018-09-01,89272,118.094,7
2018-09-05,89272,119.165,7
2018-09-06,89272,119.165,8
2018-09-07,89272,119.165,7
2018-09-08,89272,119.165,8
2018-09-09,89272,119.165,7
2018-09-12,89272,118.78,9
2018-09-13,89272,118.78,7
2018-09-15,89272,118.78,8
2018-09-16,89272,118.78,7
2018-09-17,89272,118.626,7
2018-09-18,89272,118.626,8
2018-09-19,89272,118.626,8
2018-09-20,89272,118.626,7
2018-09-21,89272,118.626,8
2018-09-23,89272,118.626,7
2018-09-24,89272,117.926,7
2018-09-25,89272,117.926,8
2018-09-26,89272,117.926,7
2018-09-27,89272,117.926,8
2018-09-28,89272,117.926,8
2018-09-29,89272,117.926,7
2018-09-30,89272,117.926,9
2018-10-01,89272,118.276,7
2018-10-02,89272,118.276,8
2018-10-03,89272,118.276,7
2018-10-04,89272,118.276,8
2018-10-05,89272,118.276,7
2018-10-07,89272,118.276,7
2018-10-08,89272,118.64,7
2018-10-10,89272,118.64,8
2018-10-11,89272,118.64,8
2018-10-12,89272,118.64,9
2018-10-13,89272,118.64,7
2018-10-15,89272,119.305,8
2018-10-16,89272,119.305,8
2018-10-17,89272,119.305,8
2018-10-19,89272,119.305,9
2018-10-21,89272,119.305,7
2018-10-22,89272,119.116,8
2018-10-24,89272,119.116,7
2018-10-25,89272,119.116,7
2018-10-26,89272,119.116,9
2018-10-28,89272,119.116,7
2018-10-30,89272,119.214,7
2018-10-31,89272,119.214,7
2018-11-02,89272,119.214,9
2018-11-03,89272,119.214,9
2018-11-04,89272,119.214,8
2018-11-05,89272,119.62,7
2018-11-06,89272,119.62,8
2018-11-07,89272,119.62,9
2018-11-08,89272,119.62,7
2018-11-09,89272,119.62,7
2018-11-10,89272,119.62,9
2018-11-16,89272,119.725,7
2018-11-17,89272,119.725,8
2018-11-18,89272,119.725,8
2018-11-19,89272,119.508,7
2018-11-21,89272,119.508,9
2018-11-22,89272,119.508,7
2018-11-24,89272,119.508,7
2018-11-25,89272,119.508,7
2018-11-27,89272,118.948,7
2018-11-29,89272,118.948,8
2018-12-01,89272,118.948,7
2018-12-03,89272,119.368,8
2018-12-04,89272,119.368,8
2018-12-05,89272,119.368,8
2018-12-06,89272,119.368,7
2018-12-07,89272,119.368,7
2018-12-09,89272,119.368,7
2018-12-15,89272,119.459,8
2018-12-16,89272,119.459,7
2018-12-17,89272,119.9,7
2018-12-18,89272,119.9,9
2018-12-19,89272,119.9,8
2018-12-20,89272,119.9,7
2018-12-22,89272,119.9,9
2018-12-25,89272,120.712,8
2018-12-26,89272,120.712,7
2018-12-27,89272,120.712,7
2018-12-29,89272,120.712,8
2018-12-30,89272,120.712,9
2019-01-02,89272,119.38,5
2019-01-03,89272,119.38,7
2019-01-04,89272,119.38,6
2019-01-05,89272,119.38,6
2019-01-07,89272,120.936,5
2019-01-08,89272,120.936,7
2019-01-10,89272,120.936,5
2019-01-12,89272,120.936,7
2019-01-14,89272,120.292,5
2019-01-16,89272,120.292,5
2019-01-17,89272,120.292,6
2019-01-18,89272,120.292,6
2019-01-19,89272,120.292,6
2019-01-20,89272,120.292,7
2019-01-21,89272,119.62,7
2019-01-22,89272,119.62,5
2019-01-23,89272,119.62,7
2019-01-26,89272,119.62,5
2019-01-27,89272,119.62,5
2019-01-28,89272,120.88,7
2019-01-29,89272,120.88,5
2019-01-30,89272,120.88,7
2019-01-31,89272,120.88,5
2019-02-01,89272,120.88,6
2019-02-02,89272,120.88,6
2019-02-03,89272,120.88,6
2019-02-04,89272,120.985,5
2019-02-06,89272,120.985,5
2019-02-07,89272,120.985,5
2019-02-08,89272,120.985,5
2019-02-09,89272,120.985,5
2019-02-13,89272,119.06,5
2019-02-15,89272,119.06,5
2019-02-16,89272,119.06,5
2019-02-18,89272,119.543,5
2019-02-19,89272,119.543,7
2019-02-20,89272,119.543,7
2019-02-22,89272,119.543,6
2019-02-23,89272,119.543,6
2019-02-25,89272,120.46,5
2019-02-26,89272,120.46,7
2019-02-27,89272,120.46,6
2019-03-01,89272,120.46,6
2019-03-02,89272,120.46,7
2019-03-03,89272,120.46,6
2019-03-04,89272,121.405,7
2019-03-06,89272,121.405,5
2019-03-08,89272,121.405,7
2019-03-09,89272,121.405,6
2019-03-10,89272,121.405,5
2019-03-11,89272,121.51,5
2019-03-12,89272,121.51,6
2019-03-15,89272,121.51,7
2019-03-16,89272,121.51,5
2019-03-19,89272,121.615,9
2019-03-20,89272,121.615,9
2019-03-21,89272,121.615,9
2019-03-25,89272,121.72,6
2019-03-26,89272,121.72,7
2019-03-27,89272,121.72,5
2019-03-29,89272,121.72,5
2019-03-30,89272,121.72,5
2019-03-31,89272,121.72,6
2019-04-05,89272,121.37,5
2019-04-06,89272,121.37,5
2019-04-07,89272,121.37,6
2019-04-09,89272,123.316,6
2019-04-10,89272,123.316,6
2019-04-11,89272,123.316,6
2019-04-12,89272,123.316,5
2019-04-13,89272,123.316,5
2019-04-15,89272,121.566,6
2019-04-16,89272,121.566,5
2019-04-18,89272,121.566,5
2019-04-19,89272,121.566,5
2019-04-20,89272,121.566,6
2019-04-22,89272,121.188,5
2019-04-23,89272,121.188,5
2019-04-24,89272,121.188,5
2019-04-25,89272,121.188,7
2019-04-26,89272,121.188,6
2019-04-27,89272,121.188,5
2019-04-29,89272,121.762,9
2019-05-03,89272,121.762,9
2019-05-04,89272,121.762,10
2019-05-05,89272,121.762,9
2019-05-07,89272,121.86,5
2019-05-08,89272,121.86,7
2019-05-09,89272,121.86,5
2019-05-11,89272,121.86,5
2019-05-13,89272,122.952,5
2019-05-14,89272,122.952,5
2019-05-15,89272,122.952,6
2019-05-16,89272,122.952,5
2019-05-17,89272,122.952,7
2019-05-18,89272,122.952,5
2019-05-20,89272,122.56,6
2019-05-21,89272,122.56,6
2019-05-23,89272,122.56,5
2019-05-25,89272,122.56,6
2019-05-26,89272,122.56,5
2019-05-28,89272,122.665,7
2019-05-29,89272,122.665,7
2019-06-01,89272,122.665,8
2019-06-02,89272,122.665,7
2019-06-03,89272,122.252,6
2019-06-05,89272,122.252,5
2019-06-06,89272,122.252,6
2019-06-09,89272,122.252,5
2019-06-10,89272,123.4,7
2019-06-11,89272,123.4,5
2019-06-13,89272,123.4,6
2019-06-15,89272,123.4,5
2019-06-21,89272,121.384,5
2019-06-23,89272,121.384,6
2019-06-26,89272,124.163,6
2019-06-27,89272,124.163,5
2019-06-28,89272,124.163,5
2019-06-29,89272,124.163,5
2019-07-01,89272,123.736,6
2019-07-02,89272,123.736,6
2019-07-04,89272,123.736,6
2019-07-05,89272,123.736,5
2019-07-07,89272,123.736,7
2019-07-08,89272,121.636,5
2019-07-09,89272,121.636,6
2019-07-10,89272,121.636,5
2019-07-12,89272,121.636,5
2019-07-14,89272,121.636,5
2019-07-15,89272,123.4,6
2019-07-16,89272,123.4,7
2019-07-18,89272,123.4,6
2019-07-19,89272,123.4,6
2019-07-20,89272,123.4,6
2019-07-21,89272,123.4,6
2019-07-22,89272,123.505,6
2019-07-23,89272,123.505,5
2019-07-25,89272,123.505,6
2019-07-26,89272,123.505,5
2019-07-27,89272,123.505,6
2019-07-28,89272,123.505,5
2019-07-29,89272,123.036,7
2019-07-31,89272,123.036,8
2019-08-03,89272,123.036,7
2019-08-05,89272,124.877,6
2019-08-06,89272,124.877,6
2019-08-08,89272,124.877,5
2019-08-09,89272,124.877,5
2019-08-10,89272,124.877,5
2019-08-11,89272,124.877,5
2019-08-14,89272,123.232,6
2019-08-15,89272,123.232,5
2019-08-16,89272,123.232,6
2019-08-17,89272,123.232,6
2019-08-18,89272,123.232,5
2019-08-23,89272,123.925,6
2019-08-24,89272,123.925,6
2019-08-25,89272,123.925,8
2019-08-27,89272,122.826,5
2019-08-28,89272,122.826,5
2019-08-30,89272,122.826,5
2019-08-31,89272,122.826,6
2019-09-01,89272,122.826,5
2019-09-02,89272,123.526,5
2019-09-04,89272,123.526,7
2019-09-05,89272,123.526,5
2019-09-06,89272,123.526,5
2019-09-07,89272,123.526,5
2019-09-08,89272,123.526,5
2019-09-09,89272,124.24,5
2019-09-11,89272,124.24,7
2019-09-13,89272,124.24,6
2019-09-14,89272,124.24,5
2019-09-15,89272,124.24,6
2019-09-16,89272,124.345,5
2019-09-17,89272,124.345,5
2019-09-18,89272,124.345,6
2019-09-19,89272,124.345,6
2019-09-20,89272,124.345,5
2019-09-21,89272,124.345,5
2019-09-23,89272,123.82,7
2019-09-24,89272,123.82,7
2019-09-25,89272,123.82,7
2019-09-26,89272,123.82,7
2019-09-28,89272,123.82,7
2019-09-29,89272,123.82,7
2019-10-01,89272,124.555,5
2019-10-02,89272,124.555,7
2019-10-03,89272,124.555,6
2019-10-04,89272,124.555,6
2019-10-05,89272,124.555,7
2019-10-07,89272,122.728,5
2019-10-08,89272,122.728,6
2019-10-09,89272,122.728,6
2019-10-11,89272,122.728,5
2019-10-14,89272,126.067,7
2019-10-16,89272,126.067,7
2019-10-17,89272,126.067,7
2019-10-18,89272,126.067,8
2019-10-19,89272,126.067,8
2019-10-21,89272,123.554,7
2019-10-23,89272,123.554,5
2019-10-24,89272,123.554,7
2019-10-25,89272,123.554,5
2019-10-26,89272,123.554,5
2019-10-27,89272,123.554,5
2019-10-28,89272,126.305,5
2019-10-29,89272,126.305,6
2019-10-30,89272,126.305,7
2019-10-31,89272,126.305,6
2019-11-01,89272,126.305,6
2019-11-04,89272,125.752,6
2019-11-05,89272,125.752,6
2019-11-06,89272,125.752,6
2019-11-07,89272,125.752,5
2019-11-08,89272,125.752,5
2019-11-12,89272,123.148,5
2019-11-14,89272,123.148,5
2019-11-15,89272,123.148,5
2019-11-16,89272,123.148,6
2019-11-17,89272,123.148,7
2019-11-18,89272,123.918,6
2019-11-20,89272,123.918,7
2019-11-22,89272,123.918,5
2019-11-24,89272,123.918,5
2019-11-25,89272,126.781,7
2019-11-27,89272,126.781,9
2019-11-28,89272,126.781,8
2019-11-29,89272,126.781,8
2019-12-01,89272,126.781,8
2019-12-02,89272,124.1,5
2019-12-04,89272,124.1,6
2019-12-05,89272,124.1,5
2019-12-06,89272,124.1,5
2019-12-08,89272,124.1,6
2019-12-09,89272,127.726,7
2019-12-10,89272,127.726,5
2019-12-11,89272,127.726,5
2019-12-12,89272,127.726,6
2019-12-14,89272,127.726,5
2019-12-15,89272,127.726,5
2019-12-16,89272,124.996,5
2019-12-17,89272,124.996,5
2019-12-18,89272,124.996,6
2019-12-19,89272,124.996,5
2019-12-20,89272,124.996,6
2019-12-21,89272,124.996,6
